LOV_NUTSRegionID,Code,Name,StartYear,EndYear,ParentID,LOV_CountryID,Level
1,AT1,OSTÖSTERREICH,2007,NULL,NULL,15,1
2,AT2,SÜDÖSTERREICH,2007,NULL,NULL,15,1
3,AT3,WESTÖSTERREICH,2007,NULL,NULL,15,1
4,ATZ,EXTRA-REGIO,2007,NULL,NULL,15,1
5,AT11,Burgenland,2007,NULL,1,15,2
6,AT12,Lower Austria,2007,NULL,1,15,2
7,AT13,Vienna,2007,NULL,1,15,2
8,AT21,Carinthia,2007,NULL,2,15,2
9,AT22,Styria,2007,NULL,2,15,2
10,AT31,Upper Austria,2007,NULL,3,15,2
11,AT32,Salzburg,2007,NULL,3,15,2
12,AT33,Tyrol,2007,NULL,3,15,2
13,AT34,Vorarlberg,2007,NULL,3,15,2
14,ATZZ,Extra-Regio,2007,NULL,4,15,2
15,AT111,Mittelburgenland,2007,NULL,5,15,3
16,AT112,Nordburgenland,2007,NULL,5,15,3
17,AT113,Südburgenland,2007,NULL,5,15,3
18,AT121,Mostviertel-Eisenwurzen,2007,NULL,6,15,3
19,AT122,Niederösterreich-Süd,2007,NULL,6,15,3
20,AT123,Sankt Pölten,2007,NULL,6,15,3
21,AT124,Waldviertel,2007,NULL,6,15,3
22,AT125,Weinviertel,2007,NULL,6,15,3
23,AT126,Wiener Umland/Nordteil,2007,NULL,6,15,3
24,AT127,Wiener Umland/Südteil,2007,NULL,6,15,3
25,AT130,Wien,2007,NULL,7,15,3
26,AT211,Klagenfurt-Villach,2007,NULL,8,15,3
27,AT212,Oberkärnten,2007,NULL,8,15,3
28,AT213,Unterkärnten,2007,NULL,8,15,3
29,AT221,Graz,2007,NULL,9,15,3
30,AT222,Liezen,2007,NULL,9,15,3
31,AT223,Östliche Obersteiermark,2007,NULL,9,15,3
32,AT224,Oststeiermark,2007,NULL,9,15,3
33,AT225,West- und Südsteiermark,2007,NULL,9,15,3
34,AT226,Westliche Obersteiermark,2007,NULL,9,15,3
35,AT311,Innviertel,2007,NULL,10,15,3
36,AT312,Linz-Wels,2007,NULL,10,15,3
37,AT313,Mühlviertel,2007,NULL,10,15,3
38,AT314,Steyr-Kirchdorf,2007,NULL,10,15,3
39,AT315,Traunviertel,2007,NULL,10,15,3
40,AT321,Lungau,2007,NULL,11,15,3
41,AT322,Pinzgau-Pongau,2007,NULL,11,15,3
42,AT323,Salzburg und Umgebung,2007,NULL,11,15,3
43,AT331,Außerfern,2007,NULL,12,15,3
44,AT332,Innsbruck,2007,NULL,12,15,3
45,AT333,Osttirol,2007,NULL,12,15,3
46,AT334,Tiroler Oberland,2007,NULL,12,15,3
47,AT335,Tiroler Unterland,2007,NULL,12,15,3
48,AT341,Bludenz-Bregenzer Wald,2007,NULL,13,15,3
49,AT342,Rheintal-Bodenseegebiet,2007,NULL,13,15,3
50,ATZZZ,Extra-Regio,2007,NULL,14,15,3
51,BG3,SEVERNA I IZTOCHNA BULGARIA,2007,NULL,NULL,34,1
52,BG4,YUGOZAPADNA I YUZHNA TSENTRALNA BULGARIA,2007,NULL,NULL,34,1
53,BGZ,EXTRA-REGIO,2007,NULL,NULL,34,1
54,BG31,North-West,2007,NULL,51,34,2
55,BG32,North-Central,2007,NULL,51,34,2
56,BG33,North-East,2007,NULL,51,34,2
57,BG34,South-East,2007,NULL,51,34,2
58,BG41,South-West,2007,NULL,52,34,2
59,BG42,South-Central,2007,NULL,52,34,2
60,BGZZ,Extra-Regio,2007,NULL,53,34,2
61,BG311,Vidin,2007,NULL,54,34,3
62,BG312,Montana,2007,NULL,54,34,3
63,BG313,Vratsa,2007,NULL,54,34,3
64,BG314,Pleven,2007,NULL,54,34,3
65,BG315,Lovech,2007,NULL,54,34,3
66,BG321,Veliko Tarnovo,2007,NULL,55,34,3
67,BG322,Gabrovo,2007,NULL,55,34,3
68,BG323,Ruse,2007,NULL,55,34,3
69,BG324,Razgrad,2007,NULL,55,34,3
70,BG325,Silistra,2007,NULL,55,34,3
71,BG331,Varna,2007,NULL,56,34,3
72,BG332,Dobrich,2007,NULL,56,34,3
73,BG333,Shumen,2007,NULL,56,34,3
74,BG334,Targovishte,2007,NULL,56,34,3
75,BG341,Burgas,2007,NULL,57,34,3
76,BG342,Sliven,2007,NULL,57,34,3
77,BG343,Yambol,2007,NULL,57,34,3
78,BG344,Stara Zagora,2007,NULL,57,34,3
79,BG411,Sofia (city),2007,NULL,58,34,3
80,BG412,Sofia,2007,NULL,58,34,3
81,BG413,Blagoevgrad,2007,NULL,58,34,3
82,BG414,Pernik,2007,NULL,58,34,3
83,BG415,Kyustendil,2007,NULL,58,34,3
84,BG421,Plovdiv,2007,NULL,59,34,3
85,BG422,Haskovo,2007,NULL,59,34,3
86,BG423,Pazardzhik,2007,NULL,59,34,3
87,BG424,Smolyan,2007,NULL,59,34,3
88,BG425,Kardzhali,2007,NULL,59,34,3
89,BGZZZ,Extra-Regio,2007,NULL,60,34,3
90,BE1,RÉGION DE BRUXELLES-CAPITALE / BRUSSELS HOOFDSTEDELIJK GEWEST,2007,NULL,NULL,22,1
91,BE2,VLAAMS GEWEST,2007,NULL,NULL,22,1
92,BE3,RÉGION WALLONNE,2007,NULL,NULL,22,1
93,BEZ,EXTRA-REGIO,2007,NULL,NULL,22,1
94,BE10,Région de Bruxelles-Capitale / Brussels Hoofdstedelijk Gewest,2007,NULL,90,22,2
95,BE21,Antwerpen,2007,NULL,91,22,2
96,BE22,Limburg,2007,NULL,91,22,2
97,BE23,East Flanders,2007,NULL,91,22,2
98,BE24,Flemish Brabant,2007,NULL,91,22,2
99,BE25,West Flanders,2007,NULL,91,22,2
100,BE31,Walloon Brabant,2007,NULL,92,22,2
101,BE32,Hainaut,2007,NULL,92,22,2
102,BE33,Liège,2007,NULL,92,22,2
103,BE34,Luxembourg,2007,NULL,92,22,2
104,BE35,Namur,2007,NULL,92,22,2
105,BEZZ,Extra-Regio,2007,NULL,93,22,2
106,BE100,Arr. de Bruxelles-Capitale / Arr. van Brussel-Hoofdstad,2007,NULL,94,22,3
107,BE211,Arr. Antwerpen,2007,NULL,95,22,3
108,BE212,Arr. Mechelen,2007,NULL,95,22,3
109,BE213,Arr. Turnhout,2007,NULL,95,22,3
110,BE221,Arr. Hasselt,2007,NULL,96,22,3
111,BE222,Arr. Maaseik,2007,NULL,96,22,3
112,BE223,Arr. Tongeren,2007,NULL,96,22,3
113,BE231,Arr. Aalst,2007,NULL,97,22,3
114,BE232,Arr. Dendermonde,2007,NULL,97,22,3
115,BE233,Arr. Eeklo,2007,NULL,97,22,3
116,BE234,Arr. Gent,2007,NULL,97,22,3
117,BE235,Arr. Oudenaarde,2007,NULL,97,22,3
118,BE236,Arr. Sint-Niklaas,2007,NULL,97,22,3
119,BE241,Arr. Halle-Vilvoorde,2007,NULL,98,22,3
120,BE242,Arr. Leuven,2007,NULL,98,22,3
121,BE251,Arr. Brugge,2007,NULL,99,22,3
122,BE252,Arr. Diksmuide,2007,NULL,99,22,3
123,BE253,Arr. Ieper,2007,NULL,99,22,3
124,BE254,Arr. Kortrijk,2007,NULL,99,22,3
125,BE255,Arr. Oostende,2007,NULL,99,22,3
126,BE256,Arr. Roeselare,2007,NULL,99,22,3
127,BE257,Arr. Tielt,2007,NULL,99,22,3
128,BE258,Arr. Veurne,2007,NULL,99,22,3
129,BE310,Arr. Nivelles,2007,NULL,100,22,3
130,BE321,Arr. Ath,2007,NULL,101,22,3
131,BE322,Arr. Charleroi,2007,NULL,101,22,3
132,BE323,Arr. Mons,2007,NULL,101,22,3
133,BE324,Arr. Mouscron,2007,NULL,101,22,3
134,BE325,Arr. Soignies,2007,NULL,101,22,3
135,BE326,Arr. Thuin,2007,NULL,101,22,3
136,BE327,Arr. Tournai,2007,NULL,101,22,3
137,BE331,Arr. Huy,2007,NULL,102,22,3
138,BE332,Arr. Liège,2007,NULL,102,22,3
139,BE334,Arr. Waremme,2007,NULL,102,22,3
140,BE335,Arr. Verviers - communes francophones,2007,NULL,102,22,3
141,BE336,Bezirk Verviers - Deutschsprachige Gemeinschaft,2007,NULL,102,22,3
142,BE341,Arr. Arlon,2007,NULL,103,22,3
143,BE342,Arr. Bastogne,2007,NULL,103,22,3
144,BE343,Arr. Marche-en-Famenne,2007,NULL,103,22,3
145,BE344,Arr. Neufchâteau,2007,NULL,103,22,3
146,BE345,Arr. Virton,2007,NULL,103,22,3
147,BE351,Arr. Dinant,2007,NULL,104,22,3
148,BE352,Arr. Namur,2007,NULL,104,22,3
149,BE353,Arr. Philippeville,2007,NULL,104,22,3
150,BEZZZ,Extra-Regio,2007,NULL,105,22,3
151,CH0,SCHWEIZ/SUISSE/SVIZZERA,2007,NULL,NULL,214,1
152,CH01,Région lémanique,2007,NULL,151,214,2
153,CH02,Espace Mittelland,2007,NULL,151,214,2
154,CH03,Nordwestschweiz,2007,NULL,151,214,2
155,CH04,Zürich,2007,NULL,151,214,2
156,CH05,Ostschweiz,2007,NULL,151,214,2
157,CH06,Zentralschweiz,2007,NULL,151,214,2
158,CH07,Ticino,2007,NULL,151,214,2
159,CH011,Vaud,2007,NULL,152,214,3
160,CH012,Valais,2007,NULL,152,214,3
161,CH013,Genève,2007,NULL,152,214,3
162,CH021,Bern,2007,NULL,153,214,3
163,CH022,Freiburg,2007,NULL,153,214,3
164,CH023,Solothurn,2007,NULL,153,214,3
165,CH024,Neuchâtel,2007,NULL,153,214,3
166,CH025,Jura,2007,NULL,153,214,3
167,CH031,Basel-Stadt,2007,NULL,154,214,3
168,CH032,Basel-Landschaft,2007,NULL,154,214,3
169,CH033,Aargau,2007,NULL,154,214,3
170,CH040,Zürich,2007,NULL,155,214,3
171,CH051,Glarus,2007,NULL,156,214,3
172,CH052,Schaffhausen,2007,NULL,156,214,3
173,CH053,Appenzell Ausserrhoden,2007,NULL,156,214,3
174,CH054,Appenzell Innerrhoden,2007,NULL,156,214,3
175,CH055,St. Gallen,2007,NULL,156,214,3
176,CH056,Graubünden,2007,NULL,156,214,3
177,CH057,Thurgau,2007,NULL,156,214,3
178,CH061,Luzern,2007,NULL,157,214,3
179,CH062,Uri,2007,NULL,157,214,3
180,CH063,Schwyz,2007,NULL,157,214,3
181,CH064,Obwalden,2007,NULL,157,214,3
182,CH065,Nidwalden,2007,NULL,157,214,3
183,CH066,Zug,2007,NULL,157,214,3
184,CH070,Ticino,2007,NULL,158,214,3
185,CY0,KYPROS / KIBRIS,2007,NULL,NULL,57,1
186,CYZ,EXTRA-REGIO,2007,NULL,NULL,57,1
187,CY00,Kypros / Kibris,2007,NULL,185,57,2
188,CYZZ,Extra-Regio,2007,NULL,186,57,2
189,CY000,Kypros / Kibris,2007,NULL,187,57,3
190,CYZZZ,Extra-Regio,2007,NULL,188,57,3
191,CZ0,CESKA REPUBLIKA,2007,NULL,NULL,58,1
192,CZZ,EXTRA-REGIO,2007,NULL,NULL,58,1
193,CZ01,Prague,2007,NULL,191,58,2
194,CZ02,Central Bohemia,2007,NULL,191,58,2
195,CZ03,South-West,2007,NULL,191,58,2
196,CZ04,North-West,2007,NULL,191,58,2
197,CZ05,North-East,2007,NULL,191,58,2
198,CZ06,South-East,2007,NULL,191,58,2
199,CZ07,Central Moravia,2007,NULL,191,58,2
200,CZ08,Moravian Silesia,2007,NULL,191,58,2
201,CZZZ,Extra-Regio,2007,NULL,192,58,2
202,CZ010,"Prague Capital City ",2007,NULL,193,58,3
203,CZ020,"Central Bohemia Region ",2007,NULL,194,58,3
204,CZ031,South Bohemian Region,2007,NULL,195,58,3
205,CZ032,"Plzeň Region ",2007,NULL,195,58,3
206,CZ041,Karlovy Vary Region,2007,NULL,196,58,3
207,CZ042,"Ústí nad Labem Region ",2007,NULL,196,58,3
208,CZ051,Liberec Region,2007,NULL,197,58,3
209,CZ052,Hradec Králové Region,2007,NULL,197,58,3
210,CZ053,"Pardubice Region ",2007,NULL,197,58,3
211,CZ063,"Vysočina Region ",2007,NULL,198,58,3
212,CZ064,Southern Moravia Region,2007,NULL,198,58,3
213,CZ071,Olomouc Region,2007,NULL,199,58,3
214,CZ072,"Zlín Region ",2007,NULL,199,58,3
215,CZ080,Moravian-Silesian Region,2007,NULL,200,58,3
216,CZZZZ,Extra-Regio,2007,NULL,201,58,3
217,DE1,BADEN-WÜRTTEMBERG,2007,NULL,NULL,81,1
218,DE2,BAYERN,2007,NULL,NULL,81,1
219,DE3,BERLIN,2007,NULL,NULL,81,1
220,DE4,BRANDENBURG,2007,NULL,NULL,81,1
221,DE5,BREMEN,2007,NULL,NULL,81,1
222,DE6,HAMBURG,2007,NULL,NULL,81,1
223,DE7,HESSEN,2007,NULL,NULL,81,1
224,DE8,MECKLENBURG-VORPOMMERN,2007,NULL,NULL,81,1
225,DE9,NIEDERSACHSEN,2007,NULL,NULL,81,1
226,DEA,NORDRHEIN-WESTFALEN,2007,NULL,NULL,81,1
227,DEB,RHEINLAND-PFALZ,2007,NULL,NULL,81,1
228,DEC,SAARLAND,2007,NULL,NULL,81,1
229,DED,SACHSEN,2007,NULL,NULL,81,1
230,DEE,SACHSEN-ANHALT,2007,NULL,NULL,81,1
231,DEF,SCHLESWIG-HOLSTEIN,2007,NULL,NULL,81,1
232,DEG,THÜRINGEN,2007,NULL,NULL,81,1
233,DEZ,EXTRA-REGIO,2007,NULL,NULL,81,1
234,DE11,Stuttgart,2007,NULL,217,81,2
235,DE12,Karlsruhe,2007,NULL,217,81,2
236,DE13,Freiburg,2007,NULL,217,81,2
237,DE14,Tübingen,2007,NULL,217,81,2
238,DE21,Upper Bavaria,2007,NULL,218,81,2
239,DE22,Lower Bavaria,2007,NULL,218,81,2
240,DE23,Oberpfalz,2007,NULL,218,81,2
241,DE24,Oberfranken,2007,NULL,218,81,2
242,DE25,Mittelfranken,2007,NULL,218,81,2
243,DE26,Unterfranken,2007,NULL,218,81,2
244,DE27,Swabia,2007,NULL,218,81,2
245,DE30,Berlin,2007,NULL,219,81,2
246,DE41,North-East Brandenburg,2007,NULL,220,81,2
247,DE42,South-West Brandenburg,2007,NULL,220,81,2
248,DE50,Bremen,2007,NULL,221,81,2
249,DE60,Hamburg,2007,NULL,222,81,2
250,DE71,Darmstadt,2007,NULL,223,81,2
251,DE72,Giessen,2007,NULL,223,81,2
252,DE73,Kassel,2007,NULL,223,81,2
253,DE80,Mecklenburg-Western Pomerania,2007,NULL,224,81,2
254,DE91,Braunschweig,2007,NULL,225,81,2
255,DE92,Hannover,2007,NULL,225,81,2
256,DE93,Lüneburg,2007,NULL,225,81,2
257,DE94,Weser-Ems,2007,NULL,225,81,2
258,DEA1,Düsseldorf,2007,NULL,226,81,2
259,DEA2,Cologne,2007,NULL,226,81,2
260,DEA3,Münster,2007,NULL,226,81,2
261,DEA4,Detmold,2007,NULL,226,81,2
262,DEA5,Arnsberg,2007,NULL,226,81,2
263,DEB1,Koblenz,2007,NULL,227,81,2
264,DEB2,Trier,2007,NULL,227,81,2
265,DEB3,Rheinhessen-Pfalz,2007,NULL,227,81,2
266,DEC0,Saarland,2007,NULL,228,81,2
267,DED1,Chemnitz,2007,NULL,229,81,2
268,DED2,Dresden,2007,NULL,229,81,2
269,DED3,Leipzig,2007,NULL,229,81,2
270,DEE0,Saxony-Anhalt,2007,NULL,230,81,2
271,DEF0,Schleswig-Holstein,2007,NULL,231,81,2
272,DEG0,Thuringia,2007,NULL,232,81,2
273,DEZZ,Extra-Regio,2007,NULL,233,81,2
274,DE111,"Stuttgart, Stadtkreis",2007,NULL,234,81,3
275,DE112,Böblingen,2007,NULL,234,81,3
276,DE113,Esslingen,2007,NULL,234,81,3
277,DE114,Göppingen,2007,NULL,234,81,3
278,DE115,Ludwigsburg,2007,NULL,234,81,3
279,DE116,Rems-Murr-Kreis,2007,NULL,234,81,3
280,DE117,"Heilbronn, Stadtkreis",2007,NULL,234,81,3
281,DE118,"Heilbronn, Landkreis",2007,NULL,234,81,3
282,DE119,Hohenlohekreis,2007,NULL,234,81,3
283,DE11A,Schwäbisch Hall,2007,NULL,234,81,3
284,DE11B,Main-Tauber-Kreis,2007,NULL,234,81,3
285,DE11C,Heidenheim,2007,NULL,234,81,3
286,DE11D,Ostalbkreis,2007,NULL,234,81,3
287,DE121,"Baden-Baden, Stadtkreis",2007,NULL,235,81,3
288,DE122,"Karlsruhe, Stadtkreis",2007,NULL,235,81,3
289,DE123,"Karlsruhe, Landkreis",2007,NULL,235,81,3
290,DE124,Rastatt,2007,NULL,235,81,3
291,DE125,"Heidelberg, Stadtkreis",2007,NULL,235,81,3
292,DE126,"Mannheim, Stadtkreis",2007,NULL,235,81,3
293,DE127,Neckar-Odenwald-Kreis,2007,NULL,235,81,3
294,DE128,Rhein-Neckar-Kreis,2007,NULL,235,81,3
295,DE129,"Pforzheim, Stadtkreis",2007,NULL,235,81,3
296,DE12A,Calw,2007,NULL,235,81,3
297,DE12B,Enzkreis,2007,NULL,235,81,3
298,DE12C,Freudenstadt,2007,NULL,235,81,3
299,DE131,"Freiburg im Breisgau, Stadtkreis",2007,NULL,236,81,3
300,DE132,Breisgau-Hochschwarzwald,2007,NULL,236,81,3
301,DE133,Emmendingen,2007,NULL,236,81,3
302,DE134,Ortenaukreis,2007,NULL,236,81,3
303,DE135,Rottweil,2007,NULL,236,81,3
304,DE136,Schwarzwald-Baar-Kreis,2007,NULL,236,81,3
305,DE137,Tuttlingen,2007,NULL,236,81,3
306,DE138,Konstanz,2007,NULL,236,81,3
307,DE139,Lörrach,2007,NULL,236,81,3
308,DE13A,Waldshut,2007,NULL,236,81,3
309,DE141,Reutlingen,2007,NULL,237,81,3
310,DE142,"Tübingen, Landkreis",2007,NULL,237,81,3
311,DE143,Zollernalbkreis,2007,NULL,237,81,3
312,DE144,"Ulm, Stadtkreis",2007,NULL,237,81,3
313,DE145,Alb-Donau-Kreis,2007,NULL,237,81,3
314,DE146,Biberach,2007,NULL,237,81,3
315,DE147,Bodenseekreis,2007,NULL,237,81,3
316,DE148,Ravensburg,2007,NULL,237,81,3
317,DE149,Sigmaringen,2007,NULL,237,81,3
318,DE211,"Ingolstadt, Kreisfreie Stadt",2007,NULL,238,81,3
319,DE212,"München, Kreisfreie Stadt",2007,NULL,238,81,3
320,DE213,"Rosenheim, Kreisfreie Stadt",2007,NULL,238,81,3
321,DE214,Altötting,2007,NULL,238,81,3
322,DE215,Berchtesgadener Land,2007,NULL,238,81,3
323,DE216,Bad Tölz-Wolfratshausen,2007,NULL,238,81,3
324,DE217,Dachau,2007,NULL,238,81,3
325,DE218,Ebersberg,2007,NULL,238,81,3
326,DE219,Eichstätt,2007,NULL,238,81,3
327,DE21A,Erding,2007,NULL,238,81,3
328,DE21B,Freising,2007,NULL,238,81,3
329,DE21C,Fürstenfeldbruck,2007,NULL,238,81,3
330,DE21D,Garmisch-Partenkirchen,2007,NULL,238,81,3
331,DE21E,Landsberg a. Lech,2007,NULL,238,81,3
332,DE21F,Miesbach,2007,NULL,238,81,3
333,DE21G,Mühldorf a. Inn,2007,NULL,238,81,3
334,DE21H,"München, Landkreis",2007,NULL,238,81,3
335,DE21I,Neuburg-Schrobenhausen,2007,NULL,238,81,3
336,DE21J,Pfaffenhofen a. d. Ilm,2007,NULL,238,81,3
337,DE21K,"Rosenheim, Landkreis",2007,NULL,238,81,3
338,DE21L,Starnberg,2007,NULL,238,81,3
339,DE21M,Traunstein,2007,NULL,238,81,3
340,DE21N,Weilheim-Schongau,2007,NULL,238,81,3
341,DE221,"Landshut, Kreisfreie Stadt",2007,NULL,239,81,3
342,DE222,"Passau, Kreisfreie Stadt",2007,NULL,239,81,3
343,DE223,"Straubing, Kreisfreie Stadt",2007,NULL,239,81,3
344,DE224,Deggendorf,2007,NULL,239,81,3
345,DE225,Freyung-Grafenau,2007,NULL,239,81,3
346,DE226,Kelheim,2007,NULL,239,81,3
347,DE227,"Landshut, Landkreis",2007,NULL,239,81,3
348,DE228,"Passau, Landkreis",2007,NULL,239,81,3
349,DE229,Regen,2007,NULL,239,81,3
350,DE22A,Rottal-Inn,2007,NULL,239,81,3
351,DE22B,Straubing-Bogen,2007,NULL,239,81,3
352,DE22C,Dingolfing-Landau,2007,NULL,239,81,3
353,DE231,"Amberg, Kreisfreie Stadt",2007,NULL,240,81,3
354,DE232,"Regensburg, Kreisfreie Stadt",2007,NULL,240,81,3
355,DE233,"Weiden i. d. Opf, Kreisfreie Stadt",2007,NULL,240,81,3
356,DE234,Amberg-Sulzbach,2007,NULL,240,81,3
357,DE235,Cham,2007,NULL,240,81,3
358,DE236,Neumarkt i. d. OPf.,2007,NULL,240,81,3
359,DE237,Neustadt a. d. Waldnaab,2007,NULL,240,81,3
360,DE238,"Regensburg, Landkreis",2007,NULL,240,81,3
361,DE239,Schwandorf,2007,NULL,240,81,3
362,DE23A,Tirschenreuth,2007,NULL,240,81,3
363,DE241,"Bamberg, Kreisfreie Stadt",2007,NULL,241,81,3
364,DE242,"Bayreuth, Kreisfreie Stadt",2007,NULL,241,81,3
365,DE243,"Coburg, Kreisfreie Stadt",2007,NULL,241,81,3
366,DE244,"Hof, Kreisfreie Stadt",2007,NULL,241,81,3
367,DE245,"Bamberg, Landkreis",2007,NULL,241,81,3
368,DE246,"Bayreuth, Landkreis",2007,NULL,241,81,3
369,DE247,"Coburg, Landkreis",2007,NULL,241,81,3
370,DE248,Forchheim,2007,NULL,241,81,3
371,DE249,"Hof, Landkreis",2007,NULL,241,81,3
372,DE24A,Kronach,2007,NULL,241,81,3
373,DE24B,Kulmbach,2007,NULL,241,81,3
374,DE24C,Lichtenfels,2007,NULL,241,81,3
375,DE24D,Wunsiedel i. Fichtelgebirge,2007,NULL,241,81,3
376,DE251,"Ansbach, Kreisfreie Stadt",2007,NULL,242,81,3
377,DE252,"Erlangen, Kreisfreie Stadt",2007,NULL,242,81,3
378,DE253,"Fürth, Kreisfreie Stadt",2007,NULL,242,81,3
379,DE254,"Nürnberg, Kreisfreie Stadt",2007,NULL,242,81,3
380,DE255,"Schwabach, Kreisfreie Stadt",2007,NULL,242,81,3
381,DE256,"Ansbach, Landkreis",2007,NULL,242,81,3
382,DE257,Erlangen-Höchstadt,2007,NULL,242,81,3
383,DE258,"Fürth, Landkreis",2007,NULL,242,81,3
384,DE259,Nürnberger Land,2007,NULL,242,81,3
385,DE25A,Neustadt a. d. Aisch-Bad Windsheim,2007,NULL,242,81,3
386,DE25B,Roth,2007,NULL,242,81,3
387,DE25C,Weissenburg-Gunzenhausen,2007,NULL,242,81,3
388,DE261,"Aschaffenburg, Kreisfreie Stadt",2007,NULL,243,81,3
389,DE262,"Schweinfurt, Kreisfreie Stadt",2007,NULL,243,81,3
390,DE263,"Würzburg, Kreisfreie Stadt",2007,NULL,243,81,3
391,DE264,"Aschaffenburg, Landkreis",2007,NULL,243,81,3
392,DE265,Bad Kissingen,2007,NULL,243,81,3
393,DE266,Rhön-Grabfeld,2007,NULL,243,81,3
394,DE267,Hassberge,2007,NULL,243,81,3
395,DE268,Kitzingen,2007,NULL,243,81,3
396,DE269,Miltenberg,2007,NULL,243,81,3
397,DE26A,Main-Spessart,2007,NULL,243,81,3
398,DE26B,"Schweinfurt, Landkreis",2007,NULL,243,81,3
399,DE26C,"Würzburg, Landkreis",2007,NULL,243,81,3
400,DE271,"Augsburg, Kreisfreie Stadt",2007,NULL,244,81,3
401,DE272,"Kaufbeuren, Kreisfreie Stadt",2007,NULL,244,81,3
402,DE273,"Kempten (Allgäu), Kreisfreie Stadt",2007,NULL,244,81,3
403,DE274,"Memmingen, Kreisfreie Stadt",2007,NULL,244,81,3
404,DE275,Aichach-Friedberg,2007,NULL,244,81,3
405,DE276,"Augsburg, Landkreis",2007,NULL,244,81,3
406,DE277,Dillingen a.d. Donau,2007,NULL,244,81,3
407,DE278,Günzburg,2007,NULL,244,81,3
408,DE279,Neu-Ulm,2007,NULL,244,81,3
409,DE27A,Lindau (Bodensee),2007,NULL,244,81,3
410,DE27B,Ostallgäu,2007,NULL,244,81,3
411,DE27C,Unterallgäu,2007,NULL,244,81,3
412,DE27D,Donau-Ries,2007,NULL,244,81,3
413,DE27E,Oberallgäu,2007,NULL,244,81,3
414,DE300,Berlin,2007,NULL,245,81,3
415,DE411,"Frankfurt (Oder), Kreisfreie Stadt",2007,NULL,246,81,3
416,DE412,Barnim,2007,NULL,246,81,3
417,DE413,Märkisch-Oderland,2007,NULL,246,81,3
418,DE414,Oberhavel,2007,NULL,246,81,3
419,DE415,Oder-Spree,2007,NULL,246,81,3
420,DE416,Ostprignitz-Ruppin,2007,NULL,246,81,3
421,DE417,Prignitz,2007,NULL,246,81,3
422,DE418,Uckermark,2007,NULL,246,81,3
423,DE421,"Brandenburg an der Havel, Kreisfreie Stadt",2007,NULL,247,81,3
424,DE422,"Cottbus, Kreisfreie Stadt",2007,NULL,247,81,3
425,DE423,"Potsdam, Kreisfreie Stadt",2007,NULL,247,81,3
426,DE424,Dahme-Spreewald,2007,NULL,247,81,3
427,DE425,Elbe-Elster,2007,NULL,247,81,3
428,DE426,Havelland,2007,NULL,247,81,3
429,DE427,Oberspreewald-Lausitz,2007,NULL,247,81,3
430,DE428,Potsdam-Mittelmark,2007,NULL,247,81,3
431,DE429,Spree-Neisse,2007,NULL,247,81,3
432,DE42A,Teltow-Fläming,2007,NULL,247,81,3
433,DE501,"Bremen, Kreisfreie Stadt",2007,NULL,248,81,3
434,DE502,"Bremerhaven, Kreisfreie Stadt",2007,NULL,248,81,3
435,DE600,Hamburg,2007,NULL,249,81,3
436,DE711,"Darmstadt, Kreisfreie Stadt",2007,NULL,250,81,3
437,DE712,"Frankfurt am Main, Kreisfreie Stadt",2007,NULL,250,81,3
438,DE713,"Offenbach am Main, Kreisfreie Stadt",2007,NULL,250,81,3
439,DE714,"Wiesbaden, Kreisfreie Stadt",2007,NULL,250,81,3
440,DE715,Bergstrasse,2007,NULL,250,81,3
441,DE716,Darmstadt-Dieburg,2007,NULL,250,81,3
442,DE717,Gross-Gerau,2007,NULL,250,81,3
443,DE718,Hochtaunuskreis,2007,NULL,250,81,3
444,DE719,Main-Kinzig-Kreis,2007,NULL,250,81,3
445,DE71A,Main-Taunus-Kreis,2007,NULL,250,81,3
446,DE71B,Odenwaldkreis,2007,NULL,250,81,3
447,DE71C,"Offenbach, Landkreis",2007,NULL,250,81,3
448,DE71D,Rheingau-Taunus-Kreis,2007,NULL,250,81,3
449,DE71E,Wetteraukreis,2007,NULL,250,81,3
450,DE721,"Giessen, Landkreis",2007,NULL,251,81,3
451,DE722,Lahn-Dill-Kreis,2007,NULL,251,81,3
452,DE723,Limburg-Weilburg,2007,NULL,251,81,3
453,DE724,Marburg-Biedenkopf,2007,NULL,251,81,3
454,DE725,Vogelsbergkreis,2007,NULL,251,81,3
455,DE731,"Kassel, Kreisfreie Stadt",2007,NULL,252,81,3
456,DE732,Fulda,2007,NULL,252,81,3
457,DE733,Hersfeld-Rotenburg,2007,NULL,252,81,3
458,DE734,"Kassel, Landkreis",2007,NULL,252,81,3
459,DE735,Schwalm-Eder-Kreis,2007,NULL,252,81,3
460,DE736,Waldeck-Frankenberg,2007,NULL,252,81,3
461,DE737,Werra-Meissner-Kreis,2007,NULL,252,81,3
462,DE801,"Greifswald, Kreisfreie Stadt",2007,NULL,253,81,3
463,DE802,"Neubrandenburg, Kreisfreie Stadt",2007,NULL,253,81,3
464,DE803,"Rostock, Kreisfreie Stadt",2007,NULL,253,81,3
465,DE804,"Schwerin, Kreisfreie Stadt",2007,NULL,253,81,3
466,DE805,"Stralsund, Kreisfreie Stadt",2007,NULL,253,81,3
467,DE806,"Wismar, Kreisfreie Stadt",2007,NULL,253,81,3
468,DE807,Bad Doberan,2007,NULL,253,81,3
469,DE808,Demmin,2007,NULL,253,81,3
470,DE809,Güstrow,2007,NULL,253,81,3
471,DE80A,Ludwigslust,2007,NULL,253,81,3
472,DE80B,Mecklenburg-Strelitz,2007,NULL,253,81,3
473,DE80C,Müritz,2007,NULL,253,81,3
474,DE80D,Nordvorpommern,2007,NULL,253,81,3
475,DE80E,Nordwestmecklenburg,2007,NULL,253,81,3
476,DE80F,Ostvorpommern,2007,NULL,253,81,3
477,DE80G,Parchim,2007,NULL,253,81,3
478,DE80H,Rügen,2007,NULL,253,81,3
479,DE80I,Uecker-Randow,2007,NULL,253,81,3
480,DE911,"Braunschweig, Kreisfreie Stadt",2007,NULL,254,81,3
481,DE912,"Salzgitter, Kreisfreie Stadt",2007,NULL,254,81,3
482,DE913,"Wolfsburg, Kreisfreie Stadt",2007,NULL,254,81,3
483,DE914,Gifhorn,2007,NULL,254,81,3
484,DE915,Göttingen,2007,NULL,254,81,3
485,DE916,Goslar,2007,NULL,254,81,3
486,DE917,Helmstedt,2007,NULL,254,81,3
487,DE918,Northeim,2007,NULL,254,81,3
488,DE919,Osterode am Harz,2007,NULL,254,81,3
489,DE91A,Peine,2007,NULL,254,81,3
490,DE91B,Wolfenbüttel,2007,NULL,254,81,3
491,DE922,Diepholz,2007,NULL,255,81,3
492,DE923,Hameln-Pyrmont,2007,NULL,255,81,3
493,DE925,Hildesheim,2007,NULL,255,81,3
494,DE926,Holzminden,2007,NULL,255,81,3
495,DE927,Nienburg (Weser),2007,NULL,255,81,3
496,DE928,Schaumburg,2007,NULL,255,81,3
497,DE929,Region Hannover,2007,NULL,255,81,3
498,DE931,Celle,2007,NULL,256,81,3
499,DE932,Cuxhaven,2007,NULL,256,81,3
500,DE933,Harburg,2007,NULL,256,81,3
501,DE934,Lüchow-Dannenberg,2007,NULL,256,81,3
502,DE935,"Lüneburg, Landkreis",2007,NULL,256,81,3
503,DE936,Osterholz,2007,NULL,256,81,3
504,DE937,Rotenburg (Wümme),2007,NULL,256,81,3
505,DE938,Soltau-Fallingbostel,2007,NULL,256,81,3
506,DE939,Stade,2007,NULL,256,81,3
507,DE93A,Uelzen,2007,NULL,256,81,3
508,DE93B,Verden,2007,NULL,256,81,3
509,DE941,"Delmenhorst, Kreisfreie Stadt",2007,NULL,257,81,3
510,DE942,"Emden, Kreisfreie Stadt",2007,NULL,257,81,3
511,DE943,"Oldenburg (Oldenburg), Kreisfreie Stadt",2007,NULL,257,81,3
512,DE944,"Osnabrück, Kreisfreie Stadt",2007,NULL,257,81,3
513,DE945,"Wilhelmshaven, Kreisfreie Stadt",2007,NULL,257,81,3
514,DE946,Ammerland,2007,NULL,257,81,3
515,DE947,Aurich,2007,NULL,257,81,3
516,DE948,Cloppenburg,2007,NULL,257,81,3
517,DE949,Emsland,2007,NULL,257,81,3
518,DE94A,Friesland (D),2007,NULL,257,81,3
519,DE94B,Grafschaft Bentheim,2007,NULL,257,81,3
520,DE94C,Leer,2007,NULL,257,81,3
521,DE94D,"Oldenburg, Landkreis",2007,NULL,257,81,3
522,DE94E,"Osnabrück, Landkreis",2007,NULL,257,81,3
523,DE94F,Vechta,2007,NULL,257,81,3
524,DE94G,Wesermarsch,2007,NULL,257,81,3
525,DE94H,Wittmund,2007,NULL,257,81,3
526,DEA11,"Düsseldorf, Kreisfreie Stadt",2007,NULL,258,81,3
527,DEA12,"Duisburg, Kreisfreie Stadt",2007,NULL,258,81,3
528,DEA13,"Essen, Kreisfreie Stadt",2007,NULL,258,81,3
529,DEA14,"Krefeld, Kreisfreie Stadt",2007,NULL,258,81,3
530,DEA15,"Mönchengladbach, Kreisfreie Stadt",2007,NULL,258,81,3
531,DEA16,"Mülheim an der Ruhr,Kreisfreie Stadt",2007,NULL,258,81,3
532,DEA17,"Oberhausen, Kreisfreie Stadt",2007,NULL,258,81,3
533,DEA18,"Remscheid, Kreisfreie Stadt",2007,NULL,258,81,3
534,DEA19,"Solingen, Kreisfreie Stadt",2007,NULL,258,81,3
535,DEA1A,"Wuppertal, Kreisfreie Stadt",2007,NULL,258,81,3
536,DEA1B,Kleve,2007,NULL,258,81,3
537,DEA1C,Mettmann,2007,NULL,258,81,3
538,DEA1D,Rhein-Kreis Neuss,2007,NULL,258,81,3
539,DEA1E,Viersen,2007,NULL,258,81,3
540,DEA1F,Wesel,2007,NULL,258,81,3
541,DEA21,"Aachen, Kreisfreie Stadt",2007,NULL,259,81,3
542,DEA22,"Bonn, Kreisfreie Stadt",2007,NULL,259,81,3
543,DEA23,"Köln, Kreisfreie Stadt",2007,NULL,259,81,3
544,DEA24,"Leverkusen, Kreisfreie Stadt",2007,NULL,259,81,3
545,DEA25,"Aachen, Kreis",2007,NULL,259,81,3
546,DEA26,Düren,2007,NULL,259,81,3
547,DEA27,Rhein-Erft-Kreis,2007,NULL,259,81,3
548,DEA28,Euskirchen,2007,NULL,259,81,3
549,DEA29,Heinsberg,2007,NULL,259,81,3
550,DEA2A,Oberbergischer Kreis,2007,NULL,259,81,3
551,DEA2B,Rheinisch-Bergischer Kreis,2007,NULL,259,81,3
552,DEA2C,Rhein-Sieg-Kreis,2007,NULL,259,81,3
553,DEA31,"Bottrop, Kreisfreie Stadt",2007,NULL,260,81,3
554,DEA32,"Gelsenkirchen, Kreisfreie Stadt",2007,NULL,260,81,3
555,DEA33,"Münster, Kreisfreie Stadt",2007,NULL,260,81,3
556,DEA34,Borken,2007,NULL,260,81,3
557,DEA35,Coesfeld,2007,NULL,260,81,3
558,DEA36,Recklinghausen,2007,NULL,260,81,3
559,DEA37,Steinfurt,2007,NULL,260,81,3
560,DEA38,Warendorf,2007,NULL,260,81,3
561,DEA41,"Bielefeld, Kreisfreie Stadt",2007,NULL,261,81,3
562,DEA42,Gütersloh,2007,NULL,261,81,3
563,DEA43,Herford,2007,NULL,261,81,3
564,DEA44,Höxter,2007,NULL,261,81,3
565,DEA45,Lippe,2007,NULL,261,81,3
566,DEA46,Minden-Lübbecke,2007,NULL,261,81,3
567,DEA47,Paderborn,2007,NULL,261,81,3
568,DEA51,"Bochum, Kreisfreie Stadt",2007,NULL,262,81,3
569,DEA52,"Dortmund, Kreisfreie Stadt",2007,NULL,262,81,3
570,DEA53,"Hagen, Kreisfreie Stadt",2007,NULL,262,81,3
571,DEA54,"Hamm, Kreisfreie Stadt",2007,NULL,262,81,3
572,DEA55,"Herne, Kreisfreie Stadt",2007,NULL,262,81,3
573,DEA56,Ennepe-Ruhr-Kreis,2007,NULL,262,81,3
574,DEA57,Hochsauerlandkreis,2007,NULL,262,81,3
575,DEA58,Märkischer Kreis,2007,NULL,262,81,3
576,DEA59,Olpe,2007,NULL,262,81,3
577,DEA5A,Siegen-Wittgenstein,2007,NULL,262,81,3
578,DEA5B,Soest,2007,NULL,262,81,3
579,DEA5C,Unna,2007,NULL,262,81,3
580,DEB11,"Koblenz, Kreisfreie Stadt",2007,NULL,263,81,3
581,DEB12,Ahrweiler,2007,NULL,263,81,3
582,DEB13,Altenkirchen (Westerwald),2007,NULL,263,81,3
583,DEB14,Bad Kreuznach,2007,NULL,263,81,3
584,DEB15,Birkenfeld,2007,NULL,263,81,3
585,DEB16,Cochem-Zell,2007,NULL,263,81,3
586,DEB17,Mayen-Koblenz,2007,NULL,263,81,3
587,DEB18,Neuwied,2007,NULL,263,81,3
588,DEB19,Rhein-Hunsrück-Kreis,2007,NULL,263,81,3
589,DEB1A,Rhein-Lahn-Kreis,2007,NULL,263,81,3
590,DEB1B,Westerwaldkreis,2007,NULL,263,81,3
591,DEB21,"Trier, Kreisfreie Stadt",2007,NULL,264,81,3
592,DEB22,Bernkastel-Wittlich,2007,NULL,264,81,3
593,DEB23,Bitburg-Prüm,2007,NULL,264,81,3
594,DEB24,Daun,2007,NULL,264,81,3
595,DEB25,Trier-Saarburg,2007,NULL,264,81,3
596,DEB31,"Frankenthal (Pfalz), Kreisfreie Stadt",2007,NULL,265,81,3
597,DEB32,"Kaiserslautern, Kreisfreie Stadt",2007,NULL,265,81,3
598,DEB33,"Landau in der Pfalz, Kreisfreie Stadt",2007,NULL,265,81,3
599,DEB34,"Ludwigshafen am Rhein, Kreisfreie Stadt",2007,NULL,265,81,3
600,DEB35,"Mainz, Kreisfreie Stadt",2007,NULL,265,81,3
601,DEB36,"Neustadt an der Weinstrasse, Kreisfreie Stadt",2007,NULL,265,81,3
602,DEB37,"Pirmasens, Kreisfreie Stadt",2007,NULL,265,81,3
603,DEB38,"Speyer, Kreisfreie Stadt",2007,NULL,265,81,3
604,DEB39,"Worms, Kreisfreie Stadt",2007,NULL,265,81,3
605,DEB3A,"Zweibrücken, Kreisfreie Stadt",2007,NULL,265,81,3
606,DEB3B,Alzey-Worms,2007,NULL,265,81,3
607,DEB3C,Bad Dürkheim,2007,NULL,265,81,3
608,DEB3D,Donnersbergkreis,2007,NULL,265,81,3
609,DEB3E,Germersheim,2007,NULL,265,81,3
610,DEB3F,"Kaiserslautern, Landkreis",2007,NULL,265,81,3
611,DEB3G,Kusel,2007,NULL,265,81,3
612,DEB3H,Südliche Weinstrasse,2007,NULL,265,81,3
613,DEB3I,Rhein-Pfalz-Kreis,2007,NULL,265,81,3
614,DEB3J,Mainz-Bingen,2007,NULL,265,81,3
615,DEB3K,Südwestpfalz,2007,NULL,265,81,3
616,DEC01,Stadtverband Saarbrücken,2007,NULL,266,81,3
617,DEC02,Merzig-Wadern,2007,NULL,266,81,3
618,DEC03,Neunkirchen,2007,NULL,266,81,3
619,DEC04,Saarlouis,2007,NULL,266,81,3
620,DEC05,Saarpfalz-Kreis,2007,NULL,266,81,3
621,DEC06,St. Wendel,2007,NULL,266,81,3
622,DED11,"Chemnitz, Kreisfreie Stadt",2007,NULL,267,81,3
623,DED12,"Plauen, Kreisfreie Stadt",2007,NULL,267,81,3
624,DED13,"Zwickau, Kreisfreie Stadt",2007,NULL,267,81,3
625,DED14,Annaberg,2007,NULL,267,81,3
626,DED15,Chemnitzer Land,2007,NULL,267,81,3
627,DED16,Freiberg,2007,NULL,267,81,3
628,DED17,Vogtlandkreis,2007,NULL,267,81,3
629,DED18,Mittlerer Erzgebirgskreis,2007,NULL,267,81,3
630,DED19,Mittweida,2007,NULL,267,81,3
631,DED1A,Stollberg,2007,NULL,267,81,3
632,DED1B,Aue-Schwarzenberg,2007,NULL,267,81,3
633,DED1C,Zwickauer Land,2007,NULL,267,81,3
634,DED21,"Dresden, Kreisfreie Stadt",2007,NULL,268,81,3
635,DED22,"Görlitz, Kreisfreie Stadt",2007,NULL,268,81,3
636,DED23,"Hoyerswerda, Kreisfreie Stadt",2007,NULL,268,81,3
637,DED24,Bautzen,2007,NULL,268,81,3
638,DED25,Meissen,2007,NULL,268,81,3
639,DED26,Niederschlesischer Oberlausitzkreis,2007,NULL,268,81,3
640,DED27,Riesa-Grossenhain,2007,NULL,268,81,3
641,DED28,Löbau-Zittau,2007,NULL,268,81,3
642,DED29,Sächsische Schweiz,2007,NULL,268,81,3
643,DED2A,Weisseritzkreis,2007,NULL,268,81,3
644,DED2B,Kamenz,2007,NULL,268,81,3
645,DED31,"Leipzig, Kreisfreie Stadt",2007,NULL,269,81,3
646,DED32,Delitzsch,2007,NULL,269,81,3
647,DED33,Döbeln,2007,NULL,269,81,3
648,DED34,Leipziger Land,2007,NULL,269,81,3
649,DED35,Muldentalkreis,2007,NULL,269,81,3
650,DED36,Torgau-Oschatz,2007,NULL,269,81,3
651,DEE01,"Dessau-Rosslau, Kreisfreie Stadt",2007,NULL,270,81,3
652,DEE02,"Halle (Saale), Kreisfreie Stadt",2007,NULL,270,81,3
653,DEE03,"Magdeburg, Kreisfreie Stadt",2007,NULL,270,81,3
654,DEE04,Altmarkkreis Salzwedel,2007,NULL,270,81,3
655,DEE05,Anhalt-Bitterfeld,2007,NULL,270,81,3
656,DEE06,Jerichower Land,2007,NULL,270,81,3
657,DEE07,Börde,2007,NULL,270,81,3
658,DEE08,Burgenland (D),2007,NULL,270,81,3
659,DEE09,Harz,2007,NULL,270,81,3
660,DEE0A,Mansfeld-Südharz,2007,NULL,270,81,3
661,DEE0B,Saalekreis,2007,NULL,270,81,3
662,DEE0C,Salzland,2007,NULL,270,81,3
663,DEE0D,Stendal,2007,NULL,270,81,3
664,DEE0E,Wittenberg,2007,NULL,270,81,3
665,DEF01,"Flensburg, Kreisfreie Stadt",2007,NULL,271,81,3
666,DEF02,"Kiel, Kreisfreie Stadt",2007,NULL,271,81,3
667,DEF03,"Lübeck, Kreisfreie Stadt",2007,NULL,271,81,3
668,DEF04,"Neumünster, Kreisfreie Stadt",2007,NULL,271,81,3
669,DEF05,Dithmarschen,2007,NULL,271,81,3
670,DEF06,Herzogtum Lauenburg,2007,NULL,271,81,3
671,DEF07,Nordfriesland,2007,NULL,271,81,3
672,DEF08,Ostholstein,2007,NULL,271,81,3
673,DEF09,Pinneberg,2007,NULL,271,81,3
674,DEF0A,Plön,2007,NULL,271,81,3
675,DEF0B,Rendsburg-Eckernförde,2007,NULL,271,81,3
676,DEF0C,Schleswig-Flensburg,2007,NULL,271,81,3
677,DEF0D,Segeberg,2007,NULL,271,81,3
678,DEF0E,Steinburg,2007,NULL,271,81,3
679,DEF0F,Stormarn,2007,NULL,271,81,3
680,DEG01,"Erfurt, Kreisfreie Stadt",2007,NULL,272,81,3
681,DEG02,"Gera, Kreisfreie Stadt",2007,NULL,272,81,3
682,DEG03,"Jena, Kreisfreie Stadt",2007,NULL,272,81,3
683,DEG04,"Suhl, Kreisfreie Stadt",2007,NULL,272,81,3
684,DEG05,"Weimar, Kreisfreie Stadt",2007,NULL,272,81,3
685,DEG06,Eichsfeld,2007,NULL,272,81,3
686,DEG07,Nordhausen,2007,NULL,272,81,3
687,DEG09,Unstrut-Hainich-Kreis,2007,NULL,272,81,3
688,DEG0A,Kyffhäuserkreis,2007,NULL,272,81,3
689,DEG0B,Schmalkalden-Meiningen,2007,NULL,272,81,3
690,DEG0C,Gotha,2007,NULL,272,81,3
691,DEG0D,Sömmerda,2007,NULL,272,81,3
692,DEG0E,Hildburghausen,2007,NULL,272,81,3
693,DEG0F,Ilm-Kreis,2007,NULL,272,81,3
694,DEG0G,Weimarer Land,2007,NULL,272,81,3
695,DEG0H,Sonneberg,2007,NULL,272,81,3
696,DEG0I,Saalfeld-Rudolstadt,2007,NULL,272,81,3
697,DEG0J,Saale-Holzland-Kreis,2007,NULL,272,81,3
698,DEG0K,Saale-Orla-Kreis,2007,NULL,272,81,3
699,DEG0L,Greiz,2007,NULL,272,81,3
700,DEG0M,Altenburger Land,2007,NULL,272,81,3
701,DEG0N,"Eisenach, Kreisfreie Stadt",2007,NULL,272,81,3
702,DEG0P,Wartburgkreis,2007,NULL,272,81,3
703,DEZZZ,Extra-Regio,2007,NULL,273,81,3
704,DK0,DANMARK,2007,NULL,NULL,59,1
705,DKZ,EXTRA-REGIO,2007,NULL,NULL,59,1
706,DK01,"Capital (region) ",2007,NULL,704,59,2
707,DK02,"Zealand ",2007,NULL,704,59,2
708,DK03,"South Denmark ",2007,NULL,704,59,2
709,DK04,"Central Jutland ",2007,NULL,704,59,2
710,DK05,"North Jutland ",2007,NULL,704,59,2
711,DKZZ,Extra-Regio,2007,NULL,705,59,2
712,DK011,"City of Copenhagen ",2007,NULL,706,59,3
713,DK012,"Outer Copenhagen ",2007,NULL,706,59,3
714,DK013,"North Zealand ",2007,NULL,706,59,3
715,DK014,"Bornholm ",2007,NULL,706,59,3
716,DK021,"East Zealand ",2007,NULL,707,59,3
717,DK022,"West and South Zealand ",2007,NULL,707,59,3
718,DK031,"Fyn ",2007,NULL,708,59,3
719,DK032,"South Jutland ",2007,NULL,708,59,3
720,DK041,"West Jutland ",2007,NULL,709,59,3
721,DK042,"East Jutland ",2007,NULL,709,59,3
722,DK050,Nordjylland,2007,NULL,710,59,3
723,DKZZZ,Extra-Regio,2007,NULL,711,59,3
724,EE0,EESTI,2007,NULL,NULL,68,1
725,EEZ,EXTRA-REGIO,2007,NULL,NULL,68,1
726,EE00,"ESTONIA ",2007,NULL,724,68,2
727,EEZZ,Extra-Regio,2007,NULL,725,68,2
728,EE001,"Northern Estonia ",2007,NULL,726,68,3
729,EE004,"Western Estonia ",2007,NULL,726,68,3
730,EE006,"Central Estonia ",2007,NULL,726,68,3
731,EE007,"Northeastern Estonia ",2007,NULL,726,68,3
732,EE008,"Southern Estonia ",2007,NULL,726,68,3
733,EEZZZ,Extra-Regio,2007,NULL,727,68,3
734,ES1,NOROESTE,2007,NULL,NULL,207,1
735,ES2,NORESTE,2007,NULL,NULL,207,1
736,ES3,COMUNIDAD DE MADRID,2007,NULL,NULL,207,1
737,ES4,CENTRO (E),2007,NULL,NULL,207,1
738,ES5,ESTE,2007,NULL,NULL,207,1
739,ES6,SUR,2007,NULL,NULL,207,1
740,ES7,CANARIAS,2007,NULL,NULL,207,1
741,ESZ,EXTRA-REGIO,2007,NULL,NULL,207,1
742,ES11,"Galicia ",2007,NULL,734,207,2
743,ES12,"Asturias ",2007,NULL,734,207,2
744,ES13,"Cantabria ",2007,NULL,734,207,2
745,ES21,"Basque Country ",2007,NULL,735,207,2
746,ES22,"Navarre ",2007,NULL,735,207,2
747,ES23,"Rioja ",2007,NULL,735,207,2
748,ES24,"Aragon ",2007,NULL,735,207,2
749,ES30,"Madrid ",2007,NULL,736,207,2
750,ES41,"Cestile-Leon ",2007,NULL,737,207,2
751,ES42,"Castile-La Mancha ",2007,NULL,737,207,2
752,ES43,"Extremadura ",2007,NULL,737,207,2
753,ES51,"Catalonia ",2007,NULL,738,207,2
754,ES52,"Valencia ",2007,NULL,738,207,2
755,ES53,"Balearic Islands ",2007,NULL,738,207,2
756,ES61,"Andalusia ",2007,NULL,739,207,2
757,ES62,"Murcia ",2007,NULL,739,207,2
758,ES63,"Ceuta ",2007,NULL,739,207,2
759,ES64,"Melilla ",2007,NULL,739,207,2
760,ES70,"Canary Islands ",2007,NULL,740,207,2
761,ESZZ,Extra-Regio,2007,NULL,741,207,2
762,ES111,A Coruña,2007,NULL,742,207,3
763,ES112,Lugo,2007,NULL,742,207,3
764,ES113,Ourense,2007,NULL,742,207,3
765,ES114,Pontevedra,2007,NULL,742,207,3
766,ES120,Asturias,2007,NULL,743,207,3
767,ES130,Cantabria,2007,NULL,744,207,3
768,ES211,Álava,2007,NULL,745,207,3
769,ES212,Guipúzcoa,2007,NULL,745,207,3
770,ES213,Vizcaya,2007,NULL,745,207,3
771,ES220,Navarra,2007,NULL,746,207,3
772,ES230,La Rioja,2007,NULL,747,207,3
773,ES241,Huesca,2007,NULL,748,207,3
774,ES242,Teruel,2007,NULL,748,207,3
775,ES243,Zaragoza,2007,NULL,748,207,3
776,ES300,Madrid,2007,NULL,749,207,3
777,ES411,Ávila,2007,NULL,750,207,3
778,ES412,Burgos,2007,NULL,750,207,3
779,ES413,León,2007,NULL,750,207,3
780,ES414,Palencia,2007,NULL,750,207,3
781,ES415,Salamanca,2007,NULL,750,207,3
782,ES416,Segovia,2007,NULL,750,207,3
783,ES417,Soria,2007,NULL,750,207,3
784,ES418,Valladolid,2007,NULL,750,207,3
785,ES419,Zamora,2007,NULL,750,207,3
786,ES421,Albacete,2007,NULL,751,207,3
787,ES422,Ciudad Real,2007,NULL,751,207,3
788,ES423,Cuenca,2007,NULL,751,207,3
789,ES424,Guadalajara,2007,NULL,751,207,3
790,ES425,Toledo,2007,NULL,751,207,3
791,ES431,Badajoz,2007,NULL,752,207,3
792,ES432,Cáceres,2007,NULL,752,207,3
793,ES511,Barcelona,2007,NULL,753,207,3
794,ES512,Girona,2007,NULL,753,207,3
795,ES513,Lleida,2007,NULL,753,207,3
796,ES514,Tarragona,2007,NULL,753,207,3
797,ES521,Alicante / Alacant,2007,NULL,754,207,3
798,ES522,Castellón / Castelló,2007,NULL,754,207,3
799,ES523,Valencia / València,2007,NULL,754,207,3
800,ES531,Eivissa y Formentera,2007,NULL,755,207,3
801,ES532,Mallorca,2007,NULL,755,207,3
802,ES533,Menorca,2007,NULL,755,207,3
803,ES611,Almería,2007,NULL,756,207,3
804,ES612,Cádiz,2007,NULL,756,207,3
805,ES613,Córdoba,2007,NULL,756,207,3
806,ES614,Granada,2007,NULL,756,207,3
807,ES615,Huelva,2007,NULL,756,207,3
808,ES616,Jaén,2007,NULL,756,207,3
809,ES617,Málaga,2007,NULL,756,207,3
810,ES618,Sevilla,2007,NULL,756,207,3
811,ES620,Murcia,2007,NULL,757,207,3
812,ES630,Ceuta,2007,NULL,758,207,3
813,ES640,Melilla,2007,NULL,759,207,3
814,ES703,El Hierro,2007,NULL,760,207,3
815,ES704,Fuerteventura,2007,NULL,760,207,3
816,ES705,Gran Canaria,2007,NULL,760,207,3
817,ES706,La Gomera,2007,NULL,760,207,3
818,ES707,La Palma,2007,NULL,760,207,3
819,ES708,Lanzarote,2007,NULL,760,207,3
820,ES709,Tenerife,2007,NULL,760,207,3
821,ESZZZ,Extra-Regio,2007,NULL,761,207,3
822,FI1,MANNER-SUOMI,2007,NULL,NULL,73,1
823,FI2,Ã…LAND,2007,NULL,NULL,73,1
824,FIZ,EXTRA-REGIO,2007,NULL,NULL,73,1
825,FI13,"East Finland ",2007,NULL,822,73,2
826,FI18,"South Finland ",2007,NULL,822,73,2
827,FI19,"West Finland ",2007,NULL,822,73,2
828,FI1A,"North Finland ",2007,NULL,823,73,2
829,FI20,"Aland Islands ",2007,NULL,823,73,2
830,FIZZ,Extra-Regio,2007,NULL,824,73,2
831,FI131,Etelä-Savo,2007,NULL,825,73,3
832,FI132,Pohjois-Savo,2007,NULL,825,73,3
833,FI133,Pohjois-Karjala,2007,NULL,825,73,3
834,FI134,Kainuu,2007,NULL,825,73,3
835,FI181,Uusimaa,2007,NULL,826,73,3
836,FI182,Itä-Uusimaa,2007,NULL,826,73,3
837,FI183,Varsinais-Suomi,2007,NULL,826,73,3
838,FI184,Kanta-Häme,2007,NULL,826,73,3
839,FI185,Päijät-Häme,2007,NULL,826,73,3
840,FI186,Kymenlaakso,2007,NULL,826,73,3
841,FI187,Etelä-Karjala,2007,NULL,826,73,3
842,FI193,Keski-Suomi,2007,NULL,827,73,3
843,FI194,Etelä-Pohjanmaa,2007,NULL,827,73,3
844,FI195,Pohjanmaa,2007,NULL,827,73,3
845,FI196,Satakunta,2007,NULL,827,73,3
846,FI197,Pirkanmaa,2007,NULL,827,73,3
847,FI1A1,Keski-Pohjanmaa,2007,NULL,828,73,3
848,FI1A2,Pohjois-Pohjanmaa,2007,NULL,828,73,3
849,FI1A3,Lappi,2007,NULL,828,73,3
850,FI200,Ã…land,2007,NULL,829,73,3
851,FIZZZ,Extra-Regio,2007,NULL,830,73,3
852,FR1,ÎLE DE FRANCE,2007,NULL,NULL,74,1
853,FR2,BASSIN PARISIEN,2007,NULL,NULL,74,1
854,FR3,NORD - PAS-DE-CALAIS,2007,NULL,NULL,74,1
855,FR4,EST,2007,NULL,NULL,74,1
856,FR5,OUEST,2007,NULL,NULL,74,1
857,FR6,SUD-OUEST,2007,NULL,NULL,74,1
858,FR7,CENTRE-EST,2007,NULL,NULL,74,1
859,FR8,MÉDITERRANÉE,2007,NULL,NULL,74,1
860,FR9,DÉPARTEMENTS D'OUTRE-MER,2007,NULL,NULL,74,1
861,FRZ,EXTRA-REGIO,2007,NULL,NULL,74,1
862,FR10,Île-de-France,2007,NULL,852,74,2
863,FR21,Champagne-Ardenne,2007,NULL,853,74,2
864,FR22,Picardy,2007,NULL,853,74,2
865,FR23,Upper Normandy,2007,NULL,853,74,2
866,FR24,Centre,2007,NULL,853,74,2
867,FR25,Lower Normandy,2007,NULL,853,74,2
868,FR26,Burgundy,2007,NULL,853,74,2
869,FR30,Nord/Pas-de-Calais,2007,NULL,854,74,2
870,FR41,Lorraine,2007,NULL,855,74,2
871,FR42,Alsace,2007,NULL,855,74,2
872,FR43,Franche-Comté,2007,NULL,855,74,2
873,FR51,Loire Region,2007,NULL,856,74,2
874,FR52,Brittany,2007,NULL,856,74,2
875,FR53,"Poitou-Charentes ",2007,NULL,856,74,2
876,FR61,"Aquitaine ",2007,NULL,857,74,2
877,FR62,"Midi-Pyrénées ",2007,NULL,857,74,2
878,FR63,"Limousin ",2007,NULL,857,74,2
879,FR71,Rhône-Alpes,2007,NULL,858,74,2
880,FR72,"Auvergne ",2007,NULL,858,74,2
881,FR81,"Languedoc-Roussillon ",2007,NULL,859,74,2
882,FR82,"Provence-Alpes-COte d ‘Azur ",2007,NULL,859,74,2
883,FR83,"Corsica ",2007,NULL,859,74,2
884,FR91,"Guadeloupe ",2007,NULL,860,74,2
885,FR92,"Martinique ",2007,NULL,860,74,2
886,FR93,"French Guiana ",2007,NULL,860,74,2
887,FR94,"Reunion ",2007,NULL,860,74,2
888,FRZZ,Extra-Regio,2007,NULL,861,74,2
889,FR101,Paris,2007,NULL,862,74,3
890,FR102,Seine-et-Marne,2007,NULL,862,74,3
891,FR103,Yvelines,2007,NULL,862,74,3
892,FR104,Essonne,2007,NULL,862,74,3
893,FR105,Hauts-de-Seine,2007,NULL,862,74,3
894,FR106,Seine-Saint-Denis,2007,NULL,862,74,3
895,FR107,Val-de-Marne,2007,NULL,862,74,3
896,FR108,Val-d'Oise,2007,NULL,862,74,3
897,FR211,Ardennes,2007,NULL,863,74,3
898,FR212,Aube,2007,NULL,863,74,3
899,FR213,Marne,2007,NULL,863,74,3
900,FR214,Haute-Marne,2007,NULL,863,74,3
901,FR221,Aisne,2007,NULL,864,74,3
902,FR222,Oise,2007,NULL,864,74,3
903,FR223,Somme,2007,NULL,864,74,3
904,FR231,Eure,2007,NULL,865,74,3
905,FR232,Seine-Maritime,2007,NULL,865,74,3
906,FR241,Cher,2007,NULL,866,74,3
907,FR242,Eure-et-Loir,2007,NULL,866,74,3
908,FR243,Indre,2007,NULL,866,74,3
909,FR244,Indre-et-Loire,2007,NULL,866,74,3
910,FR245,Loir-et-Cher,2007,NULL,866,74,3
911,FR246,Loiret,2007,NULL,866,74,3
912,FR251,Calvados,2007,NULL,867,74,3
913,FR252,Manche,2007,NULL,867,74,3
914,FR253,Orne,2007,NULL,867,74,3
915,FR261,Côte-d'Or,2007,NULL,868,74,3
916,FR262,Nièvre,2007,NULL,868,74,3
917,FR263,Saône-et-Loire,2007,NULL,868,74,3
918,FR264,Yonne,2007,NULL,868,74,3
919,FR301,Nord,2007,NULL,869,74,3
920,FR302,Pas-de-Calais,2007,NULL,869,74,3
921,FR411,Meurthe-et-Moselle,2007,NULL,870,74,3
922,FR412,Meuse,2007,NULL,870,74,3
923,FR413,Moselle,2007,NULL,870,74,3
924,FR414,Vosges,2007,NULL,870,74,3
925,FR421,Bas-Rhin,2007,NULL,871,74,3
926,FR422,Haut-Rhin,2007,NULL,871,74,3
927,FR431,Doubs,2007,NULL,872,74,3
928,FR432,Jura,2007,NULL,872,74,3
929,FR433,Haute-Saône,2007,NULL,872,74,3
930,FR434,Territoire de Belfort,2007,NULL,872,74,3
931,FR511,Loire-Atlantique,2007,NULL,873,74,3
932,FR512,Maine-et-Loire,2007,NULL,873,74,3
933,FR513,Mayenne,2007,NULL,873,74,3
934,FR514,Sarthe,2007,NULL,873,74,3
935,FR515,Vendée,2007,NULL,873,74,3
936,FR521,Côtes-d'Armor,2007,NULL,874,74,3
937,FR522,Finistère,2007,NULL,874,74,3
938,FR523,Ille-et-Vilaine,2007,NULL,874,74,3
939,FR524,Morbihan,2007,NULL,874,74,3
940,FR531,Charente,2007,NULL,875,74,3
941,FR532,Charente-Maritime,2007,NULL,875,74,3
942,FR533,Deux-Sèvres,2007,NULL,875,74,3
943,FR534,Vienne,2007,NULL,875,74,3
944,FR611,Dordogne,2007,NULL,876,74,3
945,FR612,Gironde,2007,NULL,876,74,3
946,FR613,Landes,2007,NULL,876,74,3
947,FR614,Lot-et-Garonne,2007,NULL,876,74,3
948,FR615,Pyrénées-Atlantiques,2007,NULL,876,74,3
949,FR621,Ariège,2007,NULL,877,74,3
950,FR622,Aveyron,2007,NULL,877,74,3
951,FR623,Haute-Garonne,2007,NULL,877,74,3
952,FR624,Gers,2007,NULL,877,74,3
953,FR625,Lot,2007,NULL,877,74,3
954,FR626,Hautes-Pyrénées,2007,NULL,877,74,3
955,FR627,Tarn,2007,NULL,877,74,3
956,FR628,Tarn-et-Garonne,2007,NULL,877,74,3
957,FR631,Corrèze,2007,NULL,878,74,3
958,FR632,Creuse,2007,NULL,878,74,3
959,FR633,Haute-Vienne,2007,NULL,878,74,3
960,FR711,Ain,2007,NULL,879,74,3
961,FR712,Ardèche,2007,NULL,879,74,3
962,FR713,Drôme,2007,NULL,879,74,3
963,FR714,Isère,2007,NULL,879,74,3
964,FR715,Loire,2007,NULL,879,74,3
965,FR716,Rhône,2007,NULL,879,74,3
966,FR717,Savoie,2007,NULL,879,74,3
967,FR718,Haute-Savoie,2007,NULL,879,74,3
968,FR721,Allier,2007,NULL,880,74,3
969,FR722,Cantal,2007,NULL,880,74,3
970,FR723,Haute-Loire,2007,NULL,880,74,3
971,FR724,Puy-de-Dôme,2007,NULL,880,74,3
972,FR811,Aude,2007,NULL,881,74,3
973,FR812,Gard,2007,NULL,881,74,3
974,FR813,Hérault,2007,NULL,881,74,3
975,FR814,Lozère,2007,NULL,881,74,3
976,FR815,Pyrénées-Orientales,2007,NULL,881,74,3
977,FR821,Alpes-de-Haute-Provence,2007,NULL,882,74,3
978,FR822,Hautes-Alpes,2007,NULL,882,74,3
979,FR823,Alpes-Maritimes,2007,NULL,882,74,3
980,FR824,Bouches-du-Rhône,2007,NULL,882,74,3
981,FR825,Var,2007,NULL,882,74,3
982,FR826,Vaucluse,2007,NULL,882,74,3
983,FR831,Corse-du-Sud,2007,NULL,883,74,3
984,FR832,Haute-Corse,2007,NULL,883,74,3
985,FR910,Guadeloupe,2007,NULL,884,74,3
986,FR920,Martinique,2007,NULL,885,74,3
987,FR930,Guyane,2007,NULL,886,74,3
988,FR940,Réunion,2007,NULL,887,74,3
989,FRZZZ,Extra-Regio,2007,NULL,888,74,3
990,GR1,VOREIA ELLADA,2007,NULL,NULL,84,1
991,GR2,KENTRIKI ELLADA,2007,NULL,NULL,84,1
992,GR3,ATTIKI,2007,NULL,NULL,84,1
993,GR4,"NISIA AIGAIOU, KRITI",2007,NULL,NULL,84,1
994,GRZ,EXTRA-REGIO,2007,NULL,NULL,84,1
995,GR11,"East Macedonia,Thrace",2007,NULL,990,84,2
996,GR12,Central Macedonia,2007,NULL,990,84,2
997,GR13,West Macedonia,2007,NULL,990,84,2
998,GR14,Thessaly,2007,NULL,990,84,2
999,GR21,Epirus,2007,NULL,991,84,2
1000,GR22,"Ionian Islands   ",2007,NULL,991,84,2
1001,GR23,Western Greece,2007,NULL,991,84,2
1002,GR24,Continental Greece,2007,NULL,991,84,2
1003,GR25,Peloponnese,2007,NULL,991,84,2
1004,GR30,Attica,2007,NULL,992,84,2
1005,GR41,"North Aegean  ",2007,NULL,993,84,2
1006,GR42,South Aegean,2007,NULL,993,84,2
1007,GR43,Crete,2007,NULL,993,84,2
1008,GRZZ,Extra-Regio,2007,NULL,994,84,2
1009,GR111,Evros,2007,NULL,995,84,3
1010,GR112,Xanthi,2007,NULL,995,84,3
1011,GR113,Rodopi,2007,NULL,995,84,3
1012,GR114,Drama,2007,NULL,995,84,3
1013,GR115,Kavala,2007,NULL,995,84,3
1014,GR121,Imathia,2007,NULL,996,84,3
1015,GR122,Thessaloniki,2007,NULL,996,84,3
1016,GR123,Kilkis,2007,NULL,996,84,3
1017,GR124,Pella,2007,NULL,996,84,3
1018,GR125,Pieria,2007,NULL,996,84,3
1019,GR126,Serres,2007,NULL,996,84,3
1020,GR127,Chalkidiki,2007,NULL,996,84,3
1021,GR131,Grevena,2007,NULL,997,84,3
1022,GR132,Kastoria,2007,NULL,997,84,3
1023,GR133,Kozani,2007,NULL,997,84,3
1024,GR134,Florina,2007,NULL,997,84,3
1025,GR141,Karditsa,2007,NULL,998,84,3
1026,GR142,Larisa,2007,NULL,998,84,3
1027,GR143,Magnisia,2007,NULL,998,84,3
1028,GR144,Trikala,2007,NULL,998,84,3
1029,GR211,Arta,2007,NULL,999,84,3
1030,GR212,Thesprotia,2007,NULL,999,84,3
1031,GR213,Ioannina,2007,NULL,999,84,3
1032,GR214,Preveza,2007,NULL,999,84,3
1033,GR221,Zakynthos,2007,NULL,1000,84,3
1034,GR222,Kerkyra,2007,NULL,1000,84,3
1035,GR223,Kefallinia,2007,NULL,1000,84,3
1036,GR224,Lefkada,2007,NULL,1000,84,3
1037,GR231,Aitoloakarnania,2007,NULL,1001,84,3
1038,GR232,Achaia,2007,NULL,1001,84,3
1039,GR233,Ileia,2007,NULL,1001,84,3
1040,GR241,Voiotia,2007,NULL,1002,84,3
1041,GR242,Evvoia,2007,NULL,1002,84,3
1042,GR243,Evrytania,2007,NULL,1002,84,3
1043,GR244,Fthiotida,2007,NULL,1002,84,3
1044,GR245,Fokida,2007,NULL,1002,84,3
1045,GR251,Argolida,2007,NULL,1003,84,3
1046,GR252,Arkadia,2007,NULL,1003,84,3
1047,GR253,Korinthia,2007,NULL,1003,84,3
1048,GR254,Lakonia,2007,NULL,1003,84,3
1049,GR255,Messinia,2007,NULL,1003,84,3
1050,GR300,Attiki,2007,NULL,1004,84,3
1051,GR411,Lesvos,2007,NULL,1005,84,3
1052,GR412,Samos,2007,NULL,1005,84,3
1053,GR413,Chios,2007,NULL,1005,84,3
1054,GR421,Dodekanisos,2007,NULL,1006,84,3
1055,GR422,Kyklades,2007,NULL,1006,84,3
1056,GR431,Irakleio,2007,NULL,1007,84,3
1057,GR432,Lasithi,2007,NULL,1007,84,3
1058,GR433,Rethymni,2007,NULL,1007,84,3
1059,GR434,Chania,2007,NULL,1007,84,3
1060,GRZZZ,Extra-Regio,2007,NULL,1008,84,3
1061,HU1,KOZEP-MAGYARORSZAG,2007,NULL,NULL,100,1
1062,HU2,DUNANTUL,2007,NULL,NULL,100,1
1063,HU3,ALFOLD ES ESZAK,2007,NULL,NULL,100,1
1064,HUZ,EXTRA-REGIO,2007,NULL,NULL,100,1
1065,HU10,Central Hungary,2007,NULL,1061,100,2
1066,HU21,Central Transdanubia,2007,NULL,1062,100,2
1067,HU22,West Transdanubia,2007,NULL,1062,100,2
1068,HU23,South Transdanubia,2007,NULL,1062,100,2
1069,HU31,North Hungaty,2007,NULL,1063,100,2
1070,HU32,North Great Plain,2007,NULL,1063,100,2
1071,HU33,South Great Plain,2007,NULL,1063,100,2
1072,HUZZ,Extra-Regio,2007,NULL,1064,100,2
1073,HU101,Budapest,2007,NULL,1065,100,3
1074,HU102,Pest,2007,NULL,1065,100,3
1075,HU211,Fejer,2007,NULL,1066,100,3
1076,HU212,Komarom-Esztergom,2007,NULL,1066,100,3
1077,HU213,Veszprem,2007,NULL,1066,100,3
1078,HU221,Gyor-Moson-Sopron,2007,NULL,1067,100,3
1079,HU222,Vas,2007,NULL,1067,100,3
1080,HU223,Zala,2007,NULL,1067,100,3
1081,HU231,Baranya,2007,NULL,1068,100,3
1082,HU232,Somogy,2007,NULL,1068,100,3
1083,HU233,Tolna,2007,NULL,1068,100,3
1084,HU311,Borsod-Abauj-Zemplen,2007,NULL,1069,100,3
1085,HU312,Heves,2007,NULL,1069,100,3
1086,HU313,Nograd,2007,NULL,1069,100,3
1087,HU321,Hajdu-Bihar,2007,NULL,1070,100,3
1088,HU322,Jasz-Nagykun-Szolnok,2007,NULL,1070,100,3
1089,HU323,Szabolcs-Szatmar-Bereg,2007,NULL,1070,100,3
1090,HU331,Bacs-Kiskun,2007,NULL,1071,100,3
1091,HU332,Bekes,2007,NULL,1071,100,3
1092,HU333,Csongrad,2007,NULL,1071,100,3
1093,HUZZZ,Extra-Regio,2007,NULL,1072,100,3
1094,IE0,IRELAND,2007,NULL,NULL,106,1
1095,IEZ,EXTRA-REGIO,2007,NULL,NULL,106,1
1096,IE01,"Border, Midlands and Western ",2007,NULL,1094,106,2
1097,IE02,Southern and Eastern,2007,NULL,1094,106,2
1098,IEZZ,Extra-Regio,2007,NULL,1095,106,2
1099,IE011,Border,2007,NULL,1096,106,3
1100,IE012,Midland,2007,NULL,1096,106,3
1101,IE013,West,2007,NULL,1096,106,3
1102,IE021,Dublin,2007,NULL,1097,106,3
1103,IE022,Mid-East,2007,NULL,1097,106,3
1104,IE023,Mid-West,2007,NULL,1097,106,3
1105,IE024,South-East (IRL),2007,NULL,1097,106,3
1106,IE025,South-West (IRL),2007,NULL,1097,106,3
1107,IEZZZ,Extra-Regio,2007,NULL,1098,106,3
1108,IS0,ÍSLAND,2007,NULL,NULL,101,1
1109,IS00,Ísland,2007,NULL,1108,101,2
1110,IS001,Höfuðborgarsvæði,2007,NULL,1109,101,3
1111,IS002,Landsbyggð,2007,NULL,1109,101,3
1112,ITC,NORD-OVEST,2007,NULL,NULL,109,1
1113,ITD,NORD-EST,2007,NULL,NULL,109,1
1114,ITE,CENTRO (I),2007,NULL,NULL,109,1
1115,ITF,SUD,2007,NULL,NULL,109,1
1116,ITG,ISOLE,2007,NULL,NULL,109,1
1117,ITZ,EXTRA-REGIO,2007,NULL,NULL,109,1
1118,ITC1,"Piedmont ",2007,NULL,1112,109,2
1119,ITC2,"Valle d’Aosta ",2007,NULL,1112,109,2
1120,ITC3,"Liguria ",2007,NULL,1112,109,2
1121,ITC4,"Lombardy ",2007,NULL,1112,109,2
1122,ITD1,Bolzano,2007,NULL,1113,109,2
1123,ITD2,"Trento ",2007,NULL,1113,109,2
1124,ITD3,"Veneto3 ",2007,NULL,1113,109,2
1125,ITD4,"Friuli- Venezia Giulia ",2007,NULL,1113,109,2
1126,ITD5,"Emilia-Romagna ",2007,NULL,1113,109,2
1127,ITE1,"Tuscany ",2007,NULL,1114,109,2
1128,ITE2,"Umbria ",2007,NULL,1114,109,2
1129,ITE3,"Marche ",2007,NULL,1114,109,2
1130,ITE4,"Lazio ",2007,NULL,1114,109,2
1131,ITF1,"Abruzzi ",2007,NULL,1115,109,2
1132,ITF2,"Molise ",2007,NULL,1115,109,2
1133,ITF3,"Campania ",2007,NULL,1115,109,2
1134,ITF4,"Apulia ",2007,NULL,1115,109,2
1135,ITF5,"Basilicata ",2007,NULL,1115,109,2
1136,ITF6,"Calabria ",2007,NULL,1115,109,2
1137,ITG1,"Sicily ",2007,NULL,1116,109,2
1138,ITG2,"Sardinia ",2007,NULL,1116,109,2
1139,ITZZ,Extra-Regio,2007,NULL,1117,109,2
1140,ITC11,Torino,2007,NULL,1118,109,3
1141,ITC12,Vercelli,2007,NULL,1118,109,3
1142,ITC13,Biella,2007,NULL,1118,109,3
1143,ITC14,Verbano-Cusio-Ossola,2007,NULL,1118,109,3
1144,ITC15,Novara,2007,NULL,1118,109,3
1145,ITC16,Cuneo,2007,NULL,1118,109,3
1146,ITC17,Asti,2007,NULL,1118,109,3
1147,ITC18,Alessandria,2007,NULL,1118,109,3
1148,ITC20,Valle d'Aosta/Vallée d'Aoste,2007,NULL,1119,109,3
1149,ITC31,Imperia,2007,NULL,1120,109,3
1150,ITC32,Savona,2007,NULL,1120,109,3
1151,ITC33,Genova,2007,NULL,1120,109,3
1152,ITC34,La Spezia,2007,NULL,1120,109,3
1153,ITC41,Varese,2007,NULL,1121,109,3
1154,ITC42,Como,2007,NULL,1121,109,3
1155,ITC43,Lecco,2007,NULL,1121,109,3
1156,ITC44,Sondrio,2007,NULL,1121,109,3
1157,ITC45,Milano,2007,NULL,1121,109,3
1158,ITC46,Bergamo,2007,NULL,1121,109,3
1159,ITC47,Brescia,2007,NULL,1121,109,3
1160,ITC48,Pavia,2007,NULL,1121,109,3
1161,ITC49,Lodi,2007,NULL,1121,109,3
1162,ITC4A,Cremona,2007,NULL,1121,109,3
1163,ITC4B,Mantova,2007,NULL,1121,109,3
1164,ITD10,Bolzano-Bozen,2007,NULL,1122,109,3
1165,ITD20,Trento,2007,NULL,1123,109,3
1166,ITD31,Verona,2007,NULL,1124,109,3
1167,ITD32,Vicenza,2007,NULL,1124,109,3
1168,ITD33,Belluno,2007,NULL,1124,109,3
1169,ITD34,Treviso,2007,NULL,1124,109,3
1170,ITD35,Venezia,2007,NULL,1124,109,3
1171,ITD36,Padova,2007,NULL,1124,109,3
1172,ITD37,Rovigo,2007,NULL,1124,109,3
1173,ITD41,Pordenone,2007,NULL,1125,109,3
1174,ITD42,Udine,2007,NULL,1125,109,3
1175,ITD43,Gorizia,2007,NULL,1125,109,3
1176,ITD44,Trieste,2007,NULL,1125,109,3
1177,ITD51,Piacenza,2007,NULL,1126,109,3
1178,ITD52,Parma,2007,NULL,1126,109,3
1179,ITD53,Reggio nell'Emilia,2007,NULL,1126,109,3
1180,ITD54,Modena,2007,NULL,1126,109,3
1181,ITD55,Bologna,2007,NULL,1126,109,3
1182,ITD56,Ferrara,2007,NULL,1126,109,3
1183,ITD57,Ravenna,2007,NULL,1126,109,3
1184,ITD58,Forlì-Cesena,2007,NULL,1126,109,3
1185,ITD59,Rimini,2007,NULL,1126,109,3
1186,ITE11,Massa-Carrara,2007,NULL,1127,109,3
1187,ITE12,Lucca,2007,NULL,1127,109,3
1188,ITE13,Pistoia,2007,NULL,1127,109,3
1189,ITE14,Firenze,2007,NULL,1127,109,3
1190,ITE15,Prato,2007,NULL,1127,109,3
1191,ITE16,Livorno,2007,NULL,1127,109,3
1192,ITE17,Pisa,2007,NULL,1127,109,3
1193,ITE18,Arezzo,2007,NULL,1127,109,3
1194,ITE19,Siena,2007,NULL,1127,109,3
1195,ITE1A,Grosseto,2007,NULL,1127,109,3
1196,ITE21,Perugia,2007,NULL,1128,109,3
1197,ITE22,Terni,2007,NULL,1128,109,3
1198,ITE31,Pesaro e Urbino,2007,NULL,1129,109,3
1199,ITE32,Ancona,2007,NULL,1129,109,3
1200,ITE33,Macerata,2007,NULL,1129,109,3
1201,ITE34,Ascoli Piceno,2007,NULL,1129,109,3
1202,ITE41,Viterbo,2007,NULL,1130,109,3
1203,ITE42,Rieti,2007,NULL,1130,109,3
1204,ITE43,Roma,2007,NULL,1130,109,3
1205,ITE44,Latina,2007,NULL,1130,109,3
1206,ITE45,Frosinone,2007,NULL,1130,109,3
1207,ITF11,L'Aquila,2007,NULL,1131,109,3
1208,ITF12,Teramo,2007,NULL,1131,109,3
1209,ITF13,Pescara,2007,NULL,1131,109,3
1210,ITF14,Chieti,2007,NULL,1131,109,3
1211,ITF21,Isernia,2007,NULL,1132,109,3
1212,ITF22,Campobasso,2007,NULL,1132,109,3
1213,ITF31,Caserta,2007,NULL,1133,109,3
1214,ITF32,Benevento,2007,NULL,1133,109,3
1215,ITF33,Napoli,2007,NULL,1133,109,3
1216,ITF34,Avellino,2007,NULL,1133,109,3
1217,ITF35,Salerno,2007,NULL,1133,109,3
1218,ITF41,Foggia,2007,NULL,1134,109,3
1219,ITF42,Bari,2007,NULL,1134,109,3
1220,ITF43,Taranto,2007,NULL,1134,109,3
1221,ITF44,Brindisi,2007,NULL,1134,109,3
1222,ITF45,Lecce,2007,NULL,1134,109,3
1223,ITF51,Potenza,2007,NULL,1135,109,3
1224,ITF52,Matera,2007,NULL,1135,109,3
1225,ITF61,Cosenza,2007,NULL,1136,109,3
1226,ITF62,Crotone,2007,NULL,1136,109,3
1227,ITF63,Catanzaro,2007,NULL,1136,109,3
1228,ITF64,Vibo Valentia,2007,NULL,1136,109,3
1229,ITF65,Reggio di Calabria,2007,NULL,1136,109,3
1230,ITG11,Trapani,2007,NULL,1137,109,3
1231,ITG12,Palermo,2007,NULL,1137,109,3
1232,ITG13,Messina,2007,NULL,1137,109,3
1233,ITG14,Agrigento,2007,NULL,1137,109,3
1234,ITG15,Caltanissetta,2007,NULL,1137,109,3
1235,ITG16,Enna,2007,NULL,1137,109,3
1236,ITG17,Catania,2007,NULL,1137,109,3
1237,ITG18,Ragusa,2007,NULL,1137,109,3
1238,ITG19,Siracusa,2007,NULL,1137,109,3
1239,ITG25,Sassari,2007,NULL,1138,109,3
1240,ITG26,Nuoro,2007,NULL,1138,109,3
1241,ITG27,Cagliari,2007,NULL,1138,109,3
1242,ITG28,Oristano,2007,NULL,1138,109,3
1243,ITG29,Olbia-Tempio,2007,NULL,1138,109,3
1244,ITG2A,Ogliastra,2007,NULL,1138,109,3
1245,ITG2B,Medio Campidano,2007,NULL,1138,109,3
1246,ITG2C,Carbonia-Iglesias,2007,NULL,1138,109,3
1247,ITZZZ,Extra-Regio,2007,NULL,1139,109,3
1248,LI0,LIECHTENSTEIN,2007,NULL,NULL,127,1
1249,LI00,Liechtenstein,2007,NULL,1248,127,2
1250,LI000,Liechtenstein,2007,NULL,1249,127,3
1251,LT0,LIETUVA,2007,NULL,NULL,128,1
1252,LTZ,EXTRA-REGIO,2007,NULL,NULL,128,1
1253,LT00,Lietuva,2007,NULL,1251,128,2
1254,LTZZ,Extra-Regio,2007,NULL,1252,128,2
1255,LT001,"Alytus county ",2007,NULL,1253,128,3
1256,LT002,"Kaunas county ",2007,NULL,1253,128,3
1257,LT003,"Klaipeda county ",2007,NULL,1253,128,3
1258,LT004,"Marijampolé county ",2007,NULL,1253,128,3
1259,LT005,"Panevêys county ",2007,NULL,1253,128,3
1260,LT006,"Siauliai county ",2007,NULL,1253,128,3
1261,LT007,"Taurage county ",2007,NULL,1253,128,3
1262,LT008,"Teliai county ",2007,NULL,1253,128,3
1263,LT009,"Utena county ",2007,NULL,1253,128,3
1264,LT00A,"Vilnius county ",2007,NULL,1253,128,3
1265,LTZZZ,Extra-Regio,2007,NULL,1254,128,3
1266,LU0,LUXEMBOURG (GRAND-DUCHÉ),2007,NULL,NULL,129,1
1267,LUZ,EXTRA-REGIO,2007,NULL,NULL,129,1
1268,LU00,Luxembourg (Grand-Duché),2007,NULL,1266,129,2
1269,LUZZ,Extra-Regio,2007,NULL,1267,129,2
1270,LU000,Luxembourg (Grand-Duché),2007,NULL,1268,129,3
1271,LUZZZ,Extra-Regio,2007,NULL,1269,129,3
1272,LV0,LATVIJA,2007,NULL,NULL,122,1
1273,LVZ,EXTRA-REGIO,2007,NULL,NULL,122,1
1274,LV00,Latvija,2007,NULL,1272,122,2
1275,LVZZ,Extra-Regio,2007,NULL,1273,122,2
1276,LV003,"Kurzeme ",2007,NULL,1274,122,3
1277,LV005,"Latgale ",2007,NULL,1274,122,3
1278,LV006,"RTga ",2007,NULL,1274,122,3
1279,LV007,"Pieriga ",2007,NULL,1274,122,3
1280,LV008,"Vidzeme ",2007,NULL,1274,122,3
1281,LV009,"Zemgale ",2007,NULL,1274,122,3
1282,LVZZZ,Extra-Regio,2007,NULL,1275,122,3
1283,MT0,MALTA,2007,NULL,NULL,137,1
1284,MTZ,EXTRA-REGIO,2007,NULL,NULL,137,1
1285,MT00,Malta,2007,NULL,1283,137,2
1286,MTZZ,Extra-Regio,2007,NULL,1284,137,2
1287,MT001,"Malta ",2007,NULL,1285,137,3
1288,MT002,"Gozo and Comino ",2007,NULL,1285,137,3
1289,MTZZZ,Extra-Regio,2007,NULL,1286,137,3
1290,NL1,NOORD-NEDERLAND,2007,NULL,NULL,156,1
1291,NL2,OOST-NEDERLAND,2007,NULL,NULL,156,1
1292,NL3,WEST-NEDERLAND,2007,NULL,NULL,156,1
1293,NL4,ZUID-NEDERLAND,2007,NULL,NULL,156,1
1294,NLZ,EXTRA-REGIO,2007,NULL,NULL,156,1
1295,NL11,Groningen,2007,NULL,1290,156,2
1296,NL12,Friesland,2007,NULL,1290,156,2
1297,NL13,Drenthe,2007,NULL,1290,156,2
1298,NL21,Overijssel,2007,NULL,1291,156,2
1299,NL22,Gelderland,2007,NULL,1291,156,2
1300,NL23,Flevoland,2007,NULL,1291,156,2
1301,NL31,Utrecht,2007,NULL,1292,156,2
1302,NL32,North Holland,2007,NULL,1292,156,2
1303,NL33,South Holland,2007,NULL,1292,156,2
1304,NL34,Zeeland,2007,NULL,1292,156,2
1305,NL41,North Brabant,2007,NULL,1293,156,2
1306,NL42,Limburg,2007,NULL,1293,156,2
1307,NLZZ,Extra-Regio,2007,NULL,1294,156,2
1308,NL111,Oost-Groningen,2007,NULL,1295,156,3
1309,NL112,Delfzijl en omgeving,2007,NULL,1295,156,3
1310,NL113,Overig Groningen,2007,NULL,1295,156,3
1311,NL121,Noord-Friesland,2007,NULL,1296,156,3
1312,NL122,Zuidwest-Friesland,2007,NULL,1296,156,3
1313,NL123,Zuidoost-Friesland,2007,NULL,1296,156,3
1314,NL131,Noord-Drenthe,2007,NULL,1297,156,3
1315,NL132,Zuidoost-Drenthe,2007,NULL,1297,156,3
1316,NL133,Zuidwest-Drenthe,2007,NULL,1297,156,3
1317,NL211,Noord-Overijssel,2007,NULL,1298,156,3
1318,NL212,Zuidwest-Overijssel,2007,NULL,1298,156,3
1319,NL213,Twente,2007,NULL,1298,156,3
1320,NL221,Veluwe,2007,NULL,1299,156,3
1321,NL224,Zuidwest-Gelderland,2007,NULL,1299,156,3
1322,NL225,Achterhoek,2007,NULL,1299,156,3
1323,NL226,Arnhem/Nijmegen,2007,NULL,1299,156,3
1324,NL230,Flevoland,2007,NULL,1300,156,3
1325,NL310,Utrecht,2007,NULL,1301,156,3
1326,NL321,Kop van Noord-Holland,2007,NULL,1302,156,3
1327,NL322,Alkmaar en omgeving,2007,NULL,1302,156,3
1328,NL323,IJmond,2007,NULL,1302,156,3
1329,NL324,Agglomeratie Haarlem,2007,NULL,1302,156,3
1330,NL325,Zaanstreek,2007,NULL,1302,156,3
1331,NL326,Groot-Amsterdam,2007,NULL,1302,156,3
1332,NL327,Het Gooi en Vechtstreek,2007,NULL,1302,156,3
1333,NL331,Agglomeratie Leiden en Bollenstreek,2007,NULL,1303,156,3
1334,NL332,Agglomeratie 's-Gravenhage,2007,NULL,1303,156,3
1335,NL333,Delft en Westland,2007,NULL,1303,156,3
1336,NL334,Oost-Zuid-Holland,2007,NULL,1303,156,3
1337,NL335,Groot-Rijnmond,2007,NULL,1303,156,3
1338,NL336,Zuidoost-Zuid-Holland,2007,NULL,1303,156,3
1339,NL341,Zeeuwsch-Vlaanderen,2007,NULL,1304,156,3
1340,NL342,Overig Zeeland,2007,NULL,1304,156,3
1341,NL411,West-Noord-Brabant,2007,NULL,1305,156,3
1342,NL412,Midden-Noord-Brabant,2007,NULL,1305,156,3
1343,NL413,Noordoost-Noord-Brabant,2007,NULL,1305,156,3
1344,NL414,Zuidoost-Noord-Brabant,2007,NULL,1305,156,3
1345,NL421,Noord-Limburg,2007,NULL,1306,156,3
1346,NL422,Midden-Limburg,2007,NULL,1306,156,3
1347,NL423,Zuid-Limburg,2007,NULL,1306,156,3
1348,NLZZZ,Extra-Regio,2007,NULL,1307,156,3
1349,NO0,NORGE,2007,NULL,NULL,166,1
1350,NO01,Oslo og Akershus,2007,NULL,1349,166,2
1351,NO02,Hedmark og Oppland,2007,NULL,1349,166,2
1352,NO03,Sør-Østlandet,2007,NULL,1349,166,2
1353,NO04,Agder og Rogaland,2007,NULL,1349,166,2
1354,NO05,Vestlandet,2007,NULL,1349,166,2
1355,NO06,Trøndelag,2007,NULL,1349,166,2
1356,NO07,Nord-Norge,2007,NULL,1349,166,2
1357,NO011,Oslo,2007,NULL,1350,166,3
1358,NO012,Akershus,2007,NULL,1350,166,3
1359,NO021,Hedmark,2007,NULL,1351,166,3
1360,NO022,Oppland,2007,NULL,1351,166,3
1361,NO031,Østfold,2007,NULL,1352,166,3
1362,NO032,Buskerud,2007,NULL,1352,166,3
1363,NO033,Vestfold,2007,NULL,1352,166,3
1364,NO034,Telemark,2007,NULL,1352,166,3
1365,NO041,Aust-Agder,2007,NULL,1353,166,3
1366,NO042,Vest-Agder,2007,NULL,1353,166,3
1367,NO043,Rogaland,2007,NULL,1353,166,3
1368,NO051,Hordaland,2007,NULL,1354,166,3
1369,NO052,Sogn og Fjordane,2007,NULL,1354,166,3
1370,NO053,Møre og Romsdal,2007,NULL,1354,166,3
1371,NO061,Sør-Trøndelag,2007,NULL,1355,166,3
1372,NO062,Nord-Trøndelag,2007,NULL,1355,166,3
1373,NO071,Nordland,2007,NULL,1356,166,3
1374,NO072,Troms,2007,NULL,1356,166,3
1375,NO073,Finnmark,2007,NULL,1356,166,3
1376,PL1,REGION CENTRALNY,2007,NULL,NULL,177,1
1377,PL2,REGION POLUDNIOWY,2007,NULL,NULL,177,1
1378,PL3,REGION WSCHODNI,2007,NULL,NULL,177,1
1379,PL4,REGION POLNOCNO-ZACHODNI,2007,NULL,NULL,177,1
1380,PL5,REGION POLUDNIOWO-ZACHODNI,2007,NULL,NULL,177,1
1381,PL6,REGION POLNOCNY,2007,NULL,NULL,177,1
1382,PLZ,EXTRA-REGIO,2007,NULL,NULL,177,1
1383,PL11,Łódź,2007,NULL,1376,177,2
1384,PL12,Masovia,2007,NULL,1376,177,2
1385,PL21,Lesser Poland,2007,NULL,1377,177,2
1386,PL22,Silesia,2007,NULL,1377,177,2
1387,PL31,Lublin,2007,NULL,1378,177,2
1388,PL32,Subcarpathia,2007,NULL,1378,177,2
1389,PL33,Świętokrzyskie,2007,NULL,1378,177,2
1390,PL34,Podlasie,2007,NULL,1378,177,2
1391,PL41,Greater Poland,2007,NULL,1379,177,2
1392,PL42,West Pomerania,2007,NULL,1379,177,2
1393,PL43,Lubusz,2007,NULL,1379,177,2
1394,PL51,Lower Silesia,2007,NULL,1380,177,2
1395,PL52,Opole,2007,NULL,1380,177,2
1396,PL61,Cuiavia–Pomerania,2007,NULL,1381,177,2
1397,PL62,Warmia–Masuria,2007,NULL,1381,177,2
1398,PL63,Pomerania,2007,NULL,1381,177,2
1399,PLZZ,Extra-Regio,2007,NULL,1382,177,2
1400,PL113,Miasto Lodz,2007,NULL,1383,177,3
1401,PL114,Lodzki,2007,NULL,1383,177,3
1402,PL115,Piotrkowski,2007,NULL,1383,177,3
1403,PL116,Sieradzki,2007,NULL,1383,177,3
1404,PL117,Skierniewicki,2007,NULL,1383,177,3
1405,PL121,Ciechanowsko-plocki,2007,NULL,1384,177,3
1406,PL122,Ostrolecko-siedlecki,2007,NULL,1384,177,3
1407,PL127,Miasto Warszawa,2007,NULL,1384,177,3
1408,PL128,Radomski,2007,NULL,1384,177,3
1409,PL129,Warszawski-wschodni,2007,NULL,1384,177,3
1410,PL12A,Warszawski-zachodni,2007,NULL,1384,177,3
1411,PL213,Miasto Krakow,2007,NULL,1385,177,3
1412,PL214,Krakowski,2007,NULL,1385,177,3
1413,PL215,Nowosadecki,2007,NULL,1385,177,3
1414,PL216,Oswiecimski,2007,NULL,1385,177,3
1415,PL217,Tarnowski,2007,NULL,1385,177,3
1416,PL224,Czestochowski,2007,NULL,1386,177,3
1417,PL225,Bielski,2007,NULL,1386,177,3
1418,PL227,Rybnicki,2007,NULL,1386,177,3
1419,PL228,Bytomski,2007,NULL,1386,177,3
1420,PL229,Gliwicki,2007,NULL,1386,177,3
1421,PL22A,Katowicki,2007,NULL,1386,177,3
1422,PL22B,Sosnowiecki,2007,NULL,1386,177,3
1423,PL22C,Tyski,2007,NULL,1386,177,3
1424,PL311,Bialski,2007,NULL,1387,177,3
1425,PL312,Chelmsko-zamojski,2007,NULL,1387,177,3
1426,PL314,Lubelski,2007,NULL,1387,177,3
1427,PL315,Pulawski,2007,NULL,1387,177,3
1428,PL323,Krosnienski,2007,NULL,1388,177,3
1429,PL324,Przemyski,2007,NULL,1388,177,3
1430,PL325,Rzeszowski,2007,NULL,1388,177,3
1431,PL326,Tarnobrzeski,2007,NULL,1388,177,3
1432,PL331,Kielecki,2007,NULL,1389,177,3
1433,PL332,Sandomiersko-jedrzejowski,2007,NULL,1389,177,3
1434,PL343,Bialostocki,2007,NULL,1390,177,3
1435,PL344,Lomzynski,2007,NULL,1390,177,3
1436,PL345,Suwalski,2007,NULL,1390,177,3
1437,PL411,Pilski,2007,NULL,1391,177,3
1438,PL414,Koninski,2007,NULL,1391,177,3
1439,PL415,Miasto Poznan,2007,NULL,1391,177,3
1440,PL416,Kaliski,2007,NULL,1391,177,3
1441,PL417,Leszczynski,2007,NULL,1391,177,3
1442,PL418,Poznanski,2007,NULL,1391,177,3
1443,PL422,Koszalinski,2007,NULL,1392,177,3
1444,PL423,Stargardzki,2007,NULL,1392,177,3
1445,PL424,Miasto Szczecin,2007,NULL,1392,177,3
1446,PL425,Szczecinski,2007,NULL,1392,177,3
1447,PL431,Gorzowski,2007,NULL,1393,177,3
1448,PL432,Zielonogorski,2007,NULL,1393,177,3
1449,PL514,Miasto Wroclaw,2007,NULL,1394,177,3
1450,PL515,Jeleniogorski,2007,NULL,1394,177,3
1451,PL516,Legnicko-Glogowski,2007,NULL,1394,177,3
1452,PL517,Walbrzyski,2007,NULL,1394,177,3
1453,PL518,Wroclawski,2007,NULL,1394,177,3
1454,PL521,Nyski,2007,NULL,1395,177,3
1455,PL522,Opolski,2007,NULL,1395,177,3
1456,PL613,Bydgosko-Torunski,2007,NULL,1396,177,3
1457,PL614,Grudziadzki,2007,NULL,1396,177,3
1458,PL615,Wloclawski,2007,NULL,1396,177,3
1459,PL621,Elblaski,2007,NULL,1397,177,3
1460,PL622,Olsztynski,2007,NULL,1397,177,3
1461,PL623,Elcki,2007,NULL,1397,177,3
1462,PL631,Slupski,2007,NULL,1398,177,3
1463,PL633,Trojmiejski,2007,NULL,1398,177,3
1464,PL634,Gdanski,2007,NULL,1398,177,3
1465,PL635,Starogardzki,2007,NULL,1398,177,3
1466,PLZZZ,Extra-Regio,2007,NULL,1399,177,3
1467,PT1,CONTINENTE,2007,NULL,NULL,178,1
1468,PT2,Região Autónoma dos AÇORES,2007,NULL,NULL,178,1
1469,PT3,Região Autónoma da MADEIRA,2007,NULL,NULL,178,1
1470,PTZ,EXTRA-REGIO,2007,NULL,NULL,178,1
1471,PT11,"North ",2007,NULL,1467,178,2
1472,PT15,"Algarve ",2007,NULL,1467,178,2
1473,PT16,"Centre ",2007,NULL,1467,178,2
1474,PT17,"Lisbon ",2007,NULL,1467,178,2
1475,PT18,"Alentejo ",2007,NULL,1467,178,2
1476,PT20,Azores,2007,NULL,1468,178,2
1477,PT30,"Madeira ",2007,NULL,1469,178,2
1478,PTZZ,Extra-Regio,2007,NULL,1470,178,2
1479,PT111,Minho-Lima,2007,NULL,1471,178,3
1480,PT112,Cávado,2007,NULL,1471,178,3
1481,PT113,Ave,2007,NULL,1471,178,3
1482,PT114,Grande Porto,2007,NULL,1471,178,3
1483,PT115,Tâmega,2007,NULL,1471,178,3
1484,PT116,Entre Douro e Vouga,2007,NULL,1471,178,3
1485,PT117,Douro,2007,NULL,1471,178,3
1486,PT118,Alto Trás-os-Montes,2007,NULL,1471,178,3
1487,PT150,Algarve,2007,NULL,1472,178,3
1488,PT161,Baixo Vouga,2007,NULL,1473,178,3
1489,PT162,Baixo Mondego,2007,NULL,1473,178,3
1490,PT163,Pinhal Litoral,2007,NULL,1473,178,3
1491,PT164,Pinhal Interior Norte,2007,NULL,1473,178,3
1492,PT165,Dâo-Lafôes,2007,NULL,1473,178,3
1493,PT166,Pinhal Interior Sul,2007,NULL,1473,178,3
1494,PT167,Serra da Estrela,2007,NULL,1473,178,3
1495,PT168,Beira Interior Norte,2007,NULL,1473,178,3
1496,PT169,Beira Interior Sul,2007,NULL,1473,178,3
1497,PT16A,Cova da Beira,2007,NULL,1473,178,3
1498,PT16B,Oeste,2007,NULL,1473,178,3
1499,PT16C,Médio Tejo,2007,NULL,1473,178,3
1500,PT171,Grande Lisboa,2007,NULL,1474,178,3
1501,PT172,Península de Setúbal,2007,NULL,1474,178,3
1502,PT181,Alentejo Litoral,2007,NULL,1475,178,3
1503,PT182,Alto Alentejo,2007,NULL,1475,178,3
1504,PT183,Alentejo Central,2007,NULL,1475,178,3
1505,PT184,Baixo Alentejo,2007,NULL,1475,178,3
1506,PT185,Lezíria do Tejo,2007,NULL,1475,178,3
1507,PT200,Região Autónoma dos Açores,2007,NULL,1476,178,3
1508,PT300,Região Autónoma da Madeira,2007,NULL,1477,178,3
1509,PTZZZ,Extra-Regio,2007,NULL,1478,178,3
1510,RO1,Macroregiunea unu,2007,NULL,NULL,182,1
1511,RO2,Macroregiunea doi,2007,NULL,NULL,182,1
1512,RO3,Macroregiunea trei,2007,NULL,NULL,182,1
1513,RO4,Macroregiunea patru,2007,NULL,NULL,182,1
1514,ROZ,EXTRA-REGIO,2007,NULL,NULL,182,1
1515,RO11,North–West,2007,NULL,1510,182,2
1516,RO12,Centre,2007,NULL,1510,182,2
1517,RO21,North–East,2007,NULL,1511,182,2
1518,RO22,South–East,2007,NULL,1511,182,2
1519,RO31,South–Muntenia,2007,NULL,1512,182,2
1520,RO32,Bucharest–Ilfov,2007,NULL,1512,182,2
1521,RO41,South–West Oltenia,2007,NULL,1513,182,2
1522,RO42,"West ",2007,NULL,1513,182,2
1523,ROZZ,Extra-Regio,2007,NULL,1514,182,2
1524,RO111,Bihor,2007,NULL,1515,182,3
1525,RO112,Bistrita-Nasaud,2007,NULL,1515,182,3
1526,RO113,Cluj,2007,NULL,1515,182,3
1527,RO114,Maramures,2007,NULL,1515,182,3
1528,RO115,Satu Mare,2007,NULL,1515,182,3
1529,RO116,Salaj,2007,NULL,1515,182,3
1530,RO121,Alba,2007,NULL,1516,182,3
1531,RO122,Brasov,2007,NULL,1516,182,3
1532,RO123,Covasna,2007,NULL,1516,182,3
1533,RO124,Harghita,2007,NULL,1516,182,3
1534,RO125,Mures,2007,NULL,1516,182,3
1535,RO126,Sibiu,2007,NULL,1516,182,3
1536,RO211,Bacau,2007,NULL,1517,182,3
1537,RO212,Botosani,2007,NULL,1517,182,3
1538,RO213,Iasi,2007,NULL,1517,182,3
1539,RO214,Neamt,2007,NULL,1517,182,3
1540,RO215,Suceava,2007,NULL,1517,182,3
1541,RO216,Vaslui,2007,NULL,1517,182,3
1542,RO221,Braila,2007,NULL,1518,182,3
1543,RO222,Buzau,2007,NULL,1518,182,3
1544,RO223,Constanta,2007,NULL,1518,182,3
1545,RO224,Galati,2007,NULL,1518,182,3
1546,RO225,Tulcea,2007,NULL,1518,182,3
1547,RO226,Vrancea,2007,NULL,1518,182,3
1548,RO311,Arges,2007,NULL,1519,182,3
1549,RO312,Calarasi,2007,NULL,1519,182,3
1550,RO313,Dambovita,2007,NULL,1519,182,3
1551,RO314,Giurgiu,2007,NULL,1519,182,3
1552,RO315,Ialomita,2007,NULL,1519,182,3
1553,RO316,Prahova,2007,NULL,1519,182,3
1554,RO317,Teleorman,2007,NULL,1519,182,3
1555,RO321,Bucuresti,2007,NULL,1520,182,3
1556,RO322,Ilfov,2007,NULL,1520,182,3
1557,RO411,Dolj,2007,NULL,1521,182,3
1558,RO412,Gorj,2007,NULL,1521,182,3
1559,RO413,Mehedinti,2007,NULL,1521,182,3
1560,RO414,Olt,2007,NULL,1521,182,3
1561,RO415,Valcea,2007,NULL,1521,182,3
1562,RO421,Arad,2007,NULL,1522,182,3
1563,RO422,Caras-Severin,2007,NULL,1522,182,3
1564,RO423,Hunedoara,2007,NULL,1522,182,3
1565,RO424,Timis,2007,NULL,1522,182,3
1566,ROZZZ,Extra-Regio,2007,NULL,1523,182,3
1567,SE1,Östra Sverige,2007,NULL,NULL,213,1
1568,SE2,Södra Sverige,2007,NULL,NULL,213,1
1569,SE3,Norra Sverige,2007,NULL,NULL,213,1
1570,SEZ,EXTRA-REGIO,2007,NULL,NULL,213,1
1571,SE11,Stockholm,2007,NULL,1567,213,2
1572,SE12,East–Central Sweden,2007,NULL,1567,213,2
1573,SE21,Smâland and islands,2007,NULL,1568,213,2
1574,SE22,South Sweden,2007,NULL,1568,213,2
1575,SE23,West Sweden,2007,NULL,1568,213,2
1576,SE31,North–Central Sweden,2007,NULL,1569,213,2
1577,SE32,Central Norrland,2007,NULL,1569,213,2
1578,SE33,Upper Norrland,2007,NULL,1569,213,2
1579,SEZZ,Extra-Regio,2007,NULL,1570,213,2
1580,SE110,Stockholms län,2007,NULL,1571,213,3
1581,SE121,Uppsala län,2007,NULL,1572,213,3
1582,SE122,Södermanlands län,2007,NULL,1572,213,3
1583,SE123,Östergötlands län,2007,NULL,1572,213,3
1584,SE124,Örebro län,2007,NULL,1572,213,3
1585,SE125,Västmanlands län,2007,NULL,1572,213,3
1586,SE211,Jönköpings län,2007,NULL,1573,213,3
1587,SE212,Kronobergs län,2007,NULL,1573,213,3
1588,SE213,Kalmar län,2007,NULL,1573,213,3
1589,SE214,Gotlands län,2007,NULL,1573,213,3
1590,SE221,Blekinge län,2007,NULL,1574,213,3
1591,SE224,Skåne län,2007,NULL,1574,213,3
1592,SE231,Hallands län,2007,NULL,1575,213,3
1593,SE232,Västra Götalands län,2007,NULL,1575,213,3
1594,SE311,Värmlands län,2007,NULL,1576,213,3
1595,SE312,Dalarnas län,2007,NULL,1576,213,3
1596,SE313,Gävleborgs län,2007,NULL,1576,213,3
1597,SE321,Västernorrlands län,2007,NULL,1577,213,3
1598,SE322,Jämtlands län,2007,NULL,1577,213,3
1599,SE331,Västerbottens län,2007,NULL,1578,213,3
1600,SE332,Norrbottens län,2007,NULL,1578,213,3
1601,SEZZZ,Extra-Regio,2007,NULL,1579,213,3
1602,SI0,SLOVENIJA,2007,NULL,NULL,202,1
1603,SIZ,EXTRA-REGIO,2007,NULL,NULL,202,1
1604,SI01,East Slovenia,2007,NULL,1602,202,2
1605,SI02,West Slovenia,2007,NULL,1602,202,2
1606,SIZZ,Extra-Regio,2007,NULL,1603,202,2
1607,SI011,Pomurska,2007,NULL,1604,202,3
1608,SI012,Podravska,2007,NULL,1604,202,3
1609,SI013,Koroška,2007,NULL,1604,202,3
1610,SI014,Savinjska,2007,NULL,1604,202,3
1611,SI015,Zasavska,2007,NULL,1604,202,3
1612,SI016,Spodnjeposavska,2007,NULL,1604,202,3
1613,SI017,South–East Slovenia,2007,NULL,1604,202,3
1614,SI018,Notranjsko–kraška,2007,NULL,1604,202,3
1615,SI021,Central Slovenia,2007,NULL,1605,202,3
1616,SI022,Gorenj ska,2007,NULL,1605,202,3
1617,SI023,Goriška,2007,NULL,1605,202,3
1618,SI024,Obalno–kraška,2007,NULL,1605,202,3
1619,SIZZZ,Extra-Regio,2007,NULL,1606,202,3
1620,SK0,SLOVENSKA REPUBLIKA,2007,NULL,NULL,201,1
1621,SKZ,EXTRA-REGIO,2007,NULL,NULL,201,1
1622,SK01,Bratislava,2007,NULL,1620,201,2
1623,SK02,West Slovakia,2007,NULL,1620,201,2
1624,SK03,Central Slovakia,2007,NULL,1620,201,2
1625,SK04,East Slovakia,2007,NULL,1620,201,2
1626,SKZZ,Extra-Regio,2007,NULL,1621,201,2
1627,SK010,Bratislava Region,2007,NULL,1622,201,3
1628,SK021,Trnava Region,2007,NULL,1623,201,3
1629,SK022,Trenčin Region,2007,NULL,1623,201,3
1630,SK023,Nitra Region,2007,NULL,1623,201,3
1631,SK031,Žilina Region,2007,NULL,1624,201,3
1632,SK032,Banská Bystrica Region,2007,NULL,1624,201,3
1633,SK041,Presov Region,2007,NULL,1625,201,3
1634,SK042,Kosice Region,2007,NULL,1625,201,3
1635,SKZZZ,Extra-Regio,2007,NULL,1626,201,3
1636,UKC,NORTH EAST (ENGLAND),2007,NULL,NULL,234,1
1637,UKD,NORTH WEST (ENGLAND),2007,NULL,NULL,234,1
1638,UKE,YORKSHIRE AND THE HUMBER,2007,NULL,NULL,234,1
1639,UKF,EAST MIDLANDS (ENGLAND),2007,NULL,NULL,234,1
1640,UKG,WEST MIDLANDS (ENGLAND),2007,NULL,NULL,234,1
1641,UKH,EAST OF ENGLAND,2007,NULL,NULL,234,1
1642,UKI,LONDON,2007,NULL,NULL,234,1
1643,UKJ,SOUTH EAST (ENGLAND),2007,NULL,NULL,234,1
1644,UKK,SOUTH WEST (ENGLAND),2007,NULL,NULL,234,1
1645,UKL,WALES,2007,NULL,NULL,234,1
1646,UKM,SCOTLAND,2007,NULL,NULL,234,1
1647,UKN,NORTHERN IRELAND,2007,NULL,NULL,234,1
1648,UKZ,EXTRA-REGIO,2007,NULL,NULL,234,1
1649,UKC1,Tees Valley and Durham,2007,NULL,1636,234,2
1650,UKC2,Northumberland and Tyne and Wear,2007,NULL,1636,234,2
1651,UKD1,Cumbria,2007,NULL,1637,234,2
1652,UKD2,Cheshire,2007,NULL,1637,234,2
1653,UKD3,Greater Manchester,2007,NULL,1637,234,2
1654,UKD4,Lancashire,2007,NULL,1637,234,2
1655,UKD5,Merseyside,2007,NULL,1637,234,2
1656,UKE1,East Yorkshire and Northern Lincolnshire,2007,NULL,1638,234,2
1657,UKE2,North Yorkshire,2007,NULL,1638,234,2
1658,UKE3,South Yorkshire,2007,NULL,1638,234,2
1659,UKE4,West Yorkshire,2007,NULL,1638,234,2
1660,UKF1,Derbyshire and Nottinghamshire,2007,NULL,1639,234,2
1661,UKF2,"Leicestershire, Rutland and Northamptonshire",2007,NULL,1639,234,2
1662,UKF3,Lincoinshire,2007,NULL,1639,234,2
1663,UKG1,"Herefordshire, Worcestershire and Warwickshire",2007,NULL,1640,234,2
1664,UKG2,Shropshire and Staffordshire,2007,NULL,1640,234,2
1665,UKG3,West Midlands,2007,NULL,1640,234,2
1666,UKH1,East Anglia,2007,NULL,1641,234,2
1667,UKH2,Bedfordshire and Hertfordshire,2007,NULL,1641,234,2
1668,UKH3,Essex,2007,NULL,1641,234,2
1669,UKI1,Inner London,2007,NULL,1642,234,2
1670,UKI2,Outer London,2007,NULL,1642,234,2
1671,UKJ1,"Berkshire, Buckinghamshire and Oxfordshire",2007,NULL,1643,234,2
1672,UKJ2,"Surrey, East and West Sussex",2007,NULL,1643,234,2
1673,UKJ3,Hampshire and Isle of Wight,2007,NULL,1643,234,2
1674,UKJ4,Kent,2007,NULL,1643,234,2
1675,UKK1,"Gloucestershire, Wiltshire and Bristol/Bath area",2007,NULL,1644,234,2
1676,UKK2,Dorset and Somerset,2007,NULL,1644,234,2
1677,UKK3,Cornwall and Isles of Scilly,2007,NULL,1644,234,2
1678,UKK4,Devon,2007,NULL,1644,234,2
1679,UKL1,West Wales and The Valleys,2007,NULL,1645,234,2
1680,UKL2,East Wales,2007,NULL,1645,234,2
1681,UKM2,Eastern Scotland,2007,NULL,1646,234,2
1682,UKM3,South Western Scotland,2007,NULL,1646,234,2
1683,UKM5,North Eastern Scotland,2007,NULL,1646,234,2
1684,UKM6,Highlands and Islands,2007,NULL,1646,234,2
1685,UKN0,Northern Ireland,2007,NULL,1647,234,2
1686,UKZZ,Extra-Regio,2007,NULL,1648,234,2
1687,UKC11,Hartlepool and Stockton-on-Tees,2007,NULL,1649,234,3
1688,UKC12,South Teesside,2007,NULL,1649,234,3
1689,UKC13,Darlington,2007,NULL,1649,234,3
1690,UKC14,Durham CC,2007,NULL,1649,234,3
1691,UKC21,Northumberland,2007,NULL,1650,234,3
1692,UKC22,Tyneside,2007,NULL,1650,234,3
1693,UKC23,Sunderland,2007,NULL,1650,234,3
1694,UKD11,West Cumbria,2007,NULL,1651,234,3
1695,UKD12,East Cumbria,2007,NULL,1651,234,3
1696,UKD21,Halton and Warrington,2007,NULL,1652,234,3
1697,UKD22,Cheshire CC,2007,NULL,1652,234,3
1698,UKD31,Greater Manchester South,2007,NULL,1653,234,3
1699,UKD32,Greater Manchester North,2007,NULL,1653,234,3
1700,UKD41,Blackburn with Darwen,2007,NULL,1654,234,3
1701,UKD42,Blackpool,2007,NULL,1654,234,3
1702,UKD43,Lancashire CC,2007,NULL,1654,234,3
1703,UKD51,East Merseyside,2007,NULL,1655,234,3
1704,UKD52,Liverpool,2007,NULL,1655,234,3
1705,UKD53,Sefton,2007,NULL,1655,234,3
1706,UKD54,Wirral,2007,NULL,1655,234,3
1707,UKE11,"Kingston upon Hull, City of",2007,NULL,1656,234,3
1708,UKE12,East Riding of Yorkshire,2007,NULL,1656,234,3
1709,UKE13,North and North East Lincolnshire,2007,NULL,1656,234,3
1710,UKE21,York,2007,NULL,1657,234,3
1711,UKE22,North Yorkshire CC,2007,NULL,1657,234,3
1712,UKE31,"Barnsley, Doncaster and Rotherham",2007,NULL,1658,234,3
1713,UKE32,Sheffield,2007,NULL,1658,234,3
1714,UKE41,Bradford,2007,NULL,1659,234,3
1715,UKE42,Leeds,2007,NULL,1659,234,3
1716,UKE43,"Calderdale, Kirklees and Wakefield",2007,NULL,1659,234,3
1717,UKF11,Derby,2007,NULL,1660,234,3
1718,UKF12,East Derbyshire,2007,NULL,1660,234,3
1719,UKF13,South and West Derbyshire,2007,NULL,1660,234,3
1720,UKF14,Nottingham,2007,NULL,1660,234,3
1721,UKF15,North Nottinghamshire,2007,NULL,1660,234,3
1722,UKF16,South Nottinghamshire,2007,NULL,1660,234,3
1723,UKF21,Leicester,2007,NULL,1661,234,3
1724,UKF22,Leicestershire CC and Rutland,2007,NULL,1661,234,3
1725,UKF23,Northamptonshire,2007,NULL,1661,234,3
1726,UKF30,Lincolnshire,2007,NULL,1662,234,3
1727,UKG11,"Herefordshire, County of",2007,NULL,1663,234,3
1728,UKG12,Worcestershire,2007,NULL,1663,234,3
1729,UKG13,Warwickshire,2007,NULL,1663,234,3
1730,UKG21,Telford and Wrekin,2007,NULL,1664,234,3
1731,UKG22,Shropshire CC,2007,NULL,1664,234,3
1732,UKG23,Stoke-on-Trent,2007,NULL,1664,234,3
1733,UKG24,Staffordshire CC,2007,NULL,1664,234,3
1734,UKG31,Birmingham,2007,NULL,1665,234,3
1735,UKG32,Solihull,2007,NULL,1665,234,3
1736,UKG33,Coventry,2007,NULL,1665,234,3
1737,UKG34,Dudley and Sandwell,2007,NULL,1665,234,3
1738,UKG35,Walsall and Wolverhampton,2007,NULL,1665,234,3
1739,UKH11,Peterborough,2007,NULL,1666,234,3
1740,UKH12,Cambridgeshire CC,2007,NULL,1666,234,3
1741,UKH13,Norfolk,2007,NULL,1666,234,3
1742,UKH14,Suffolk,2007,NULL,1666,234,3
1743,UKH21,Luton,2007,NULL,1667,234,3
1744,UKH22,Bedfordshire CC,2007,NULL,1667,234,3
1745,UKH23,Hertfordshire,2007,NULL,1667,234,3
1746,UKH31,Southend-on-Sea,2007,NULL,1668,234,3
1747,UKH32,Thurrock,2007,NULL,1668,234,3
1748,UKH33,Essex CC,2007,NULL,1668,234,3
1749,UKI11,Inner London - West,2007,NULL,1669,234,3
1750,UKI12,Inner London - East,2007,NULL,1669,234,3
1751,UKI21,Outer London - East and North East,2007,NULL,1670,234,3
1752,UKI22,Outer London - South,2007,NULL,1670,234,3
1753,UKI23,Outer London - West and North West,2007,NULL,1670,234,3
1754,UKJ11,Berkshire,2007,NULL,1671,234,3
1755,UKJ12,Milton Keynes,2007,NULL,1671,234,3
1756,UKJ13,Buckinghamshire CC,2007,NULL,1671,234,3
1757,UKJ14,Oxfordshire,2007,NULL,1671,234,3
1758,UKJ21,Brighton and Hove,2007,NULL,1672,234,3
1759,UKJ22,East Sussex CC,2007,NULL,1672,234,3
1760,UKJ23,Surrey,2007,NULL,1672,234,3
1761,UKJ24,West Sussex,2007,NULL,1672,234,3
1762,UKJ31,Portsmouth,2007,NULL,1673,234,3
1763,UKJ32,Southampton,2007,NULL,1673,234,3
1764,UKJ33,Hampshire CC,2007,NULL,1673,234,3
1765,UKJ34,Isle of Wight,2007,NULL,1673,234,3
1766,UKJ41,Medway,2007,NULL,1674,234,3
1767,UKJ42,Kent CC,2007,NULL,1674,234,3
1768,UKK11,"Bristol, City of",2007,NULL,1675,234,3
1769,UKK12,"Bath and North East Somerset, North Somerset and South Gloucestershire",2007,NULL,1675,234,3
1770,UKK13,Gloucestershire,2007,NULL,1675,234,3
1771,UKK14,Swindon,2007,NULL,1675,234,3
1772,UKK15,Wiltshire CC,2007,NULL,1675,234,3
1773,UKK21,Bournemouth and Poole,2007,NULL,1676,234,3
1774,UKK22,Dorset CC,2007,NULL,1676,234,3
1775,UKK23,Somerset,2007,NULL,1676,234,3
1776,UKK30,Cornwall and Isles of Scilly,2007,NULL,1677,234,3
1777,UKK41,Plymouth,2007,NULL,1678,234,3
1778,UKK42,Torbay,2007,NULL,1678,234,3
1779,UKK43,Devon CC,2007,NULL,1678,234,3
1780,UKL11,Isle of Anglesey,2007,NULL,1679,234,3
1781,UKL12,Gwynedd,2007,NULL,1679,234,3
1782,UKL13,Conwy and Denbighshire,2007,NULL,1679,234,3
1783,UKL14,South West Wales,2007,NULL,1679,234,3
1784,UKL15,Central Valleys,2007,NULL,1679,234,3
1785,UKL16,Gwent Valleys,2007,NULL,1679,234,3
1786,UKL17,Bridgend and Neath Port Talbot,2007,NULL,1679,234,3
1787,UKL18,Swansea,2007,NULL,1679,234,3
1788,UKL21,Monmouthshire and Newport,2007,NULL,1680,234,3
1789,UKL22,Cardiff and Vale of Glamorgan,2007,NULL,1680,234,3
1790,UKL23,Flintshire and Wrexham,2007,NULL,1680,234,3
1791,UKL24,Powys,2007,NULL,1680,234,3
1792,UKM21,Angus and Dundee City,2007,NULL,1681,234,3
1793,UKM22,Clackmannanshire and Fife,2007,NULL,1681,234,3
1794,UKM23,East Lothian and Midlothian,2007,NULL,1681,234,3
1795,UKM24,Scottish Borders,2007,NULL,1681,234,3
1796,UKM25,"Edinburgh, City of",2007,NULL,1681,234,3
1797,UKM26,Falkirk,2007,NULL,1681,234,3
1798,UKM27,Perth & Kinross and Stirling,2007,NULL,1681,234,3
1799,UKM28,West Lothian,2007,NULL,1681,234,3
1800,UKM31,"East Dunbartonshire, West Dunbartonshire and Helensburgh & Lomond",2007,NULL,1682,234,3
1801,UKM32,Dumfries & Galloway,2007,NULL,1682,234,3
1802,UKM33,East Ayrshire and North Ayrshire mainland,2007,NULL,1682,234,3
1803,UKM34,Glasgow City,2007,NULL,1682,234,3
1804,UKM35,"Inverclyde, East Renfrewshire and Renfrewshire",2007,NULL,1682,234,3
1805,UKM36,North Lanarkshire,2007,NULL,1682,234,3
1806,UKM37,South Ayrshire,2007,NULL,1682,234,3
1807,UKM38,South Lanarkshire,2007,NULL,1682,234,3
1808,UKM50,Aberdeen City and Aberdeenshire,2007,NULL,1683,234,3
1809,UKM61,Caithness & Sutherland and Ross & Cromarty,2007,NULL,1684,234,3
1810,UKM62,"Inverness & Nairn and Moray, Badenoch &amp; Strathspey",2007,NULL,1684,234,3
1811,UKM63,"Lochaber, Skye & Lochalsh, Arran & Cumbrae and Argyll & Bute",2007,NULL,1684,234,3
1812,UKM64,Eilean Siar (Western Isles),2007,NULL,1684,234,3
1813,UKM65,Orkney Islands,2007,NULL,1684,234,3
1814,UKM66,Shetland Islands,2007,NULL,1684,234,3
1815,UKN01,Belfast,2007,NULL,1685,234,3
1816,UKN02,Outer Belfast,2007,NULL,1685,234,3
1817,UKN03,East of Northern Ireland,2007,NULL,1685,234,3
1818,UKN04,North of Northern Ireland,2007,NULL,1685,234,3
1819,UKN05,West and South of Northern Ireland,2007,NULL,1685,234,3
1820,UKZZZ,Extra-Regio,2007,NULL,1686,234,3
1822,UNKNOWN,N/A,2001,NULL,NULL,249,1
1823,RS1,Serbia - North,2011,NULL,NULL,197,1
1824,RS2,RS2: Serbia - South,2011,NULL,NULL,197,1
1825,RS11,City of Belgrade,2011,NULL,1823,197,2
1826,RS12,Region of Vojvodina,2011,NULL,1823,197,2
1827,RS21,Region of Sumadija and Western Serbia,2011,NULL,1824,197,2
1828,RS22,Region of South and Easth Serbia,2011,NULL,1824,197,2
1829,RS23,Region of Kosovo and Metohia,2011,NULL,1824,197,2
