FacilityReportID,FacilityName,FacilityID,ReportingYear,PollutantCode,PollutantGroupCode,LOV_PollutantID,LOV_PollutantGroupID,CAS,QuantityAir,QuantityAccidentalAir,PercentAccidentalAir,MethodTypeDesignationAir,MethodTypeCodeAir,MethodCodeAir,QuantityWater,QuantityAccidentalWater,PercentAccidentalWater,MethodTypeDesignationWater,MethodTypeCodeWater,MethodCodeWater,QuantitySoil,QuantityAccidentalSoil,PercentAccidentalSoil,MethodTypeDesignationSoil,MethodTypeCodeSoil,MethodCodeSoil,UnitAir,UnitAccidentalAir,UnitWater,UnitAccidentalWater,UnitSoil,UnitAccidentalSoil,CountryCode,LOV_CountryID,RiverBasinDistrictCode,LOV_RiverBasinDistrictID,NUTSLevel2RegionCode,LOV_NUTSRLevel1ID,LOV_NUTSRLevel2ID,LOV_NUTSRLevel3ID,IASectorCode,IAActivityCode,IASubActivityCode,IPPCSectorCode,IPPCActivityCode,IPPCSubActivityCode,LOV_IASectorID,LOV_IAActivityID,LOV_IASubActivityID,NACESectorCode,NACEActivityCode,NACESubActivityCode,LOV_NACESectorID,LOV_NACEActivityID,LOV_NACESubActivityID,LOV_ConfidentialityIDAir,LOV_ConfidentialityIDWater,LOV_ConfidentialityIDSoil,ConfidentialCodeAir,ConfidentialCodeWater,ConfidentialCodeSoil,ConfidentialIndicator,ConfidentialIndicatorFacility
977567,ILVA S.P.A. Stabilimento di Taranto,7019,2013,CO2,GRHGAS,10,1,124-38-9,6.97E9,0.0,0.0,ETS,ETS,C,NULL,NULL,0.0,NULL,NULL,NULL,NULL,NULL,0.0,NULL,NULL,NULL,KGM,KGM,NULL,KGM,NULL,KGM,IT,109,ITF,162,ITF4,1115,1134,NULL,2,2.(b),NULL,NULL,2.2,NULL,2,17,NULL,24,24.1,24.10,23,158,537,NULL,NULL,NULL,NULL,NULL,NULL,0,0
977567,ILVA S.P.A. Stabilimento di Taranto,7019,2013,CO,OTHGAS,15,2,630-08-0,8.72E7,0.0,0.0,PER(UNI EN 10058),PER,M,NULL,NULL,0.0,NULL,NULL,NULL,NULL,NULL,0.0,NULL,NULL,NULL,KGM,KGM,NULL,KGM,NULL,KGM,IT,109,ITF,162,ITF4,1115,1134,NULL,2,2.(b),NULL,NULL,2.2,NULL,2,17,NULL,24,24.1,24.10,23,158,537,NULL,NULL,NULL,NULL,NULL,NULL,0,0
977567,ILVA S.P.A. Stabilimento di Taranto,7019,2013,NOX,OTHGAS,18,2,NULL,5150000.0,0.0,0.0,PER(UNI EN 14792-DM 25/8/2000 All 1),PER,M,NULL,NULL,0.0,NULL,NULL,NULL,NULL,NULL,0.0,NULL,NULL,NULL,KGM,KGM,NULL,KGM,NULL,KGM,IT,109,ITF,162,ITF4,1115,1134,NULL,2,2.(b),NULL,NULL,2.2,NULL,2,17,NULL,24,24.1,24.10,23,158,537,NULL,NULL,NULL,NULL,NULL,NULL,0,0
977567,ILVA S.P.A. Stabilimento di Taranto,7019,2013,SOX,OTHGAS,19,2,NULL,4750000.0,0.0,0.0,PER(UNI EN 10393-DM 25/8/2000 All 1),PER,M,NULL,NULL,0.0,NULL,NULL,NULL,NULL,NULL,0.0,NULL,NULL,NULL,KGM,KGM,NULL,KGM,NULL,KGM,IT,109,ITF,162,ITF4,1115,1134,NULL,2,2.(b),NULL,NULL,2.2,NULL,2,17,NULL,24,24.1,24.10,23,158,537,NULL,NULL,NULL,NULL,NULL,NULL,0,0
977567,ILVA S.P.A. Stabilimento di Taranto,7019,2013,CHLORINE AND INORGANIC COMPOUNDS,OTHGAS,23,2,NULL,34400.0,0.0,0.0,PER(DM 25/8/2000 All 2),PER,M,NULL,NULL,0.0,NULL,NULL,NULL,NULL,NULL,0.0,NULL,NULL,NULL,KGM,KGM,NULL,KGM,NULL,KGM,IT,109,ITF,162,ITF4,1115,1134,NULL,2,2.(b),NULL,NULL,2.2,NULL,2,17,NULL,24,24.1,24.10,23,158,537,NULL,NULL,NULL,NULL,NULL,NULL,0,0
977567,ILVA S.P.A. Stabilimento di Taranto,7019,2013,AS AND COMPOUNDS,HEVMET,26,3,NULL,NULL,NULL,0.0,NULL,NULL,NULL,16.3,0.0,0.0,Other Methodologies,OTH,E,NULL,NULL,0.0,NULL,NULL,NULL,NULL,KGM,KGM,KGM,NULL,KGM,IT,109,ITF,162,ITF4,1115,1134,NULL,2,2.(b),NULL,NULL,2.2,NULL,2,17,NULL,24,24.1,24.10,23,158,537,NULL,NULL,NULL,NULL,NULL,NULL,0,0
977567,ILVA S.P.A. Stabilimento di Taranto,7019,2013,CD AND COMPOUNDS,HEVMET,27,3,NULL,19.6,0.0,0.0,PER(UNI EN 14385),PER,M,NULL,NULL,0.0,NULL,NULL,NULL,NULL,NULL,0.0,NULL,NULL,NULL,KGM,KGM,NULL,KGM,NULL,KGM,IT,109,ITF,162,ITF4,1115,1134,NULL,2,2.(b),NULL,NULL,2.2,NULL,2,17,NULL,24,24.1,24.10,23,158,537,NULL,NULL,NULL,NULL,NULL,NULL,0,0
977567,ILVA S.P.A. Stabilimento di Taranto,7019,2013,CR AND COMPOUNDS,HEVMET,28,3,NULL,2270.0,0.0,0.0,PER(UNI EN 14385-CARB METHOD 425 EPA),PER,M,276.0,0.0,0.0,Other Methodologies,OTH,E,NULL,NULL,0.0,NULL,NULL,NULL,KGM,KGM,KGM,KGM,NULL,KGM,IT,109,ITF,162,ITF4,1115,1134,NULL,2,2.(b),NULL,NULL,2.2,NULL,2,17,NULL,24,24.1,24.10,23,158,537,NULL,NULL,NULL,NULL,NULL,NULL,0,0
977567,ILVA S.P.A. Stabilimento di Taranto,7019,2013,CU AND COMPOUNDS,HEVMET,29,3,NULL,249.0,0.0,0.0,PER(UNI EN 14385),PER,M,147.0,0.0,0.0,Other Methodologies,OTH,E,NULL,NULL,0.0,NULL,NULL,NULL,KGM,KGM,KGM,KGM,NULL,KGM,IT,109,ITF,162,ITF4,1115,1134,NULL,2,2.(b),NULL,NULL,2.2,NULL,2,17,NULL,24,24.1,24.10,23,158,537,NULL,NULL,NULL,NULL,NULL,NULL,0,0
977567,ILVA S.P.A. Stabilimento di Taranto,7019,2013,HG AND COMPOUNDS,HEVMET,30,3,NULL,21.8,0.0,0.0,PER(UNI EN 13211- EPA METHOD 29),PER,M,NULL,NULL,0.0,NULL,NULL,NULL,NULL,NULL,0.0,NULL,NULL,NULL,KGM,KGM,NULL,KGM,NULL,KGM,IT,109,ITF,162,ITF4,1115,1134,NULL,2,2.(b),NULL,NULL,2.2,NULL,2,17,NULL,24,24.1,24.10,23,158,537,NULL,NULL,NULL,NULL,NULL,NULL,0,0
977567,ILVA S.P.A. Stabilimento di Taranto,7019,2013,NI AND COMPOUNDS,HEVMET,31,3,NULL,1960.0,0.0,0.0,PER(UNI EN 14385),PER,M,832.0,0.0,0.0,Other Methodologies,OTH,E,NULL,NULL,0.0,NULL,NULL,NULL,KGM,KGM,KGM,KGM,NULL,KGM,IT,109,ITF,162,ITF4,1115,1134,NULL,2,2.(b),NULL,NULL,2.2,NULL,2,17,NULL,24,24.1,24.10,23,158,537,NULL,NULL,NULL,NULL,NULL,NULL,0,0
977567,ILVA S.P.A. Stabilimento di Taranto,7019,2013,PB AND COMPOUNDS,HEVMET,32,3,NULL,925.0,0.0,0.0,PER(UNI EN 14385),PER,M,206.0,0.0,0.0,Other Methodologies,OTH,E,NULL,NULL,0.0,NULL,NULL,NULL,KGM,KGM,KGM,KGM,NULL,KGM,IT,109,ITF,162,ITF4,1115,1134,NULL,2,2.(b),NULL,NULL,2.2,NULL,2,17,NULL,24,24.1,24.10,23,158,537,NULL,NULL,NULL,NULL,NULL,NULL,0,0
977567,ILVA S.P.A. Stabilimento di Taranto,7019,2013,ZN AND COMPOUNDS,HEVMET,33,3,NULL,2810.0,0.0,0.0,PER( EPA METHOD 29),PER,M,4230.0,0.0,0.0,Other Methodologies,OTH,E,NULL,NULL,0.0,NULL,NULL,NULL,KGM,KGM,KGM,KGM,NULL,KGM,IT,109,ITF,162,ITF4,1115,1134,NULL,2,2.(b),NULL,NULL,2.2,NULL,2,17,NULL,24,24.1,24.10,23,158,537,NULL,NULL,NULL,NULL,NULL,NULL,0,0
977567,ILVA S.P.A. Stabilimento di Taranto,7019,2013,PCDD+PCDF (DIOXINS+FURANS),CHLORG,63,5,NULL,0.0023,0.0,0.0,PER(UNI EN 1948),PER,M,NULL,NULL,0.0,NULL,NULL,NULL,NULL,NULL,0.0,NULL,NULL,NULL,KGM,KGM,NULL,KGM,NULL,KGM,IT,109,ITF,162,ITF4,1115,1134,NULL,2,2.(b),NULL,NULL,2.2,NULL,2,17,NULL,24,24.1,24.10,23,158,537,NULL,NULL,NULL,NULL,NULL,NULL,0,0
977567,ILVA S.P.A. Stabilimento di Taranto,7019,2013,NAPHTHALENE,OTHORG,80,6,91-20-3,467.0,0.0,0.0,PER(UNI EN 13649),PER,M,NULL,NULL,0.0,NULL,NULL,NULL,NULL,NULL,0.0,NULL,NULL,NULL,KGM,KGM,NULL,KGM,NULL,KGM,IT,109,ITF,162,ITF4,1115,1134,NULL,2,2.(b),NULL,NULL,2.2,NULL,2,17,NULL,24,24.1,24.10,23,158,537,NULL,NULL,NULL,NULL,NULL,NULL,0,0
977567,ILVA S.P.A. Stabilimento di Taranto,7019,2013,PHENOLS,OTHORG,83,6,108-95-2,NULL,NULL,0.0,NULL,NULL,NULL,306.0,0.0,0.0,Other Methodologies,OTH,E,NULL,NULL,0.0,NULL,NULL,NULL,NULL,KGM,KGM,KGM,NULL,KGM,IT,109,ITF,162,ITF4,1115,1134,NULL,2,2.(b),NULL,NULL,2.2,NULL,2,17,NULL,24,24.1,24.10,23,158,537,NULL,NULL,NULL,NULL,NULL,NULL,0,0
977567,ILVA S.P.A. Stabilimento di Taranto,7019,2013,TOTAL ORGANIC CARBON (TOC),OTHORG,85,6,NULL,NULL,NULL,0.0,NULL,NULL,NULL,116000.0,0.0,0.0,Other Methodologies,OTH,E,NULL,NULL,0.0,NULL,NULL,NULL,NULL,KGM,KGM,KGM,NULL,KGM,IT,109,ITF,162,ITF4,1115,1134,NULL,2,2.(b),NULL,NULL,2.2,NULL,2,17,NULL,24,24.1,24.10,23,158,537,NULL,NULL,NULL,NULL,NULL,NULL,0,0
977567,ILVA S.P.A. Stabilimento di Taranto,7019,2013,BENZENE,OTHORG,89,6,71-43-2,3430.0,0.0,0.0,PER(UNI EN 13649),PER,M,NULL,NULL,0.0,NULL,NULL,NULL,NULL,NULL,0.0,NULL,NULL,NULL,KGM,KGM,NULL,KGM,NULL,KGM,IT,109,ITF,162,ITF4,1115,1134,NULL,2,2.(b),NULL,NULL,2.2,NULL,2,17,NULL,24,24.1,24.10,23,158,537,NULL,NULL,NULL,NULL,NULL,NULL,0,0
977567,ILVA S.P.A. Stabilimento di Taranto,7019,2013,TOTAL - NITROGEN,INORG,93,7,NULL,NULL,NULL,0.0,NULL,NULL,NULL,130000.0,0.0,0.0,Other Methodologies,OTH,E,NULL,NULL,0.0,NULL,NULL,NULL,NULL,KGM,KGM,KGM,NULL,KGM,IT,109,ITF,162,ITF4,1115,1134,NULL,2,2.(b),NULL,NULL,2.2,NULL,2,17,NULL,24,24.1,24.10,23,158,537,NULL,NULL,NULL,NULL,NULL,NULL,0,0
977567,ILVA S.P.A. Stabilimento di Taranto,7019,2013,CYANIDES,INORG,97,7,NULL,NULL,NULL,0.0,NULL,NULL,NULL,6320.0,0.0,0.0,Other Methodologies,OTH,E,NULL,NULL,0.0,NULL,NULL,NULL,NULL,KGM,KGM,KGM,NULL,KGM,IT,109,ITF,162,ITF4,1115,1134,NULL,2,2.(b),NULL,NULL,2.2,NULL,2,17,NULL,24,24.1,24.10,23,158,537,NULL,NULL,NULL,NULL,NULL,NULL,0,0
977567,ILVA S.P.A. Stabilimento di Taranto,7019,2013,PM10,INORG,99,7,NULL,269000.0,0.0,0.0,PER(UNI EN ISO 23210),PER,M,NULL,NULL,0.0,NULL,NULL,NULL,NULL,NULL,0.0,NULL,NULL,NULL,KGM,KGM,NULL,KGM,NULL,KGM,IT,109,ITF,162,ITF4,1115,1134,NULL,2,2.(b),NULL,NULL,2.2,NULL,2,17,NULL,24,24.1,24.10,23,158,537,NULL,NULL,NULL,NULL,NULL,NULL,0,0
974127,ILVA S.P.A. Stabilimento di Taranto,7019,2012,CO2,GRHGAS,10,1,124-38-9,1.03E10,0.0,0.0,ETS,ETS,C,NULL,NULL,0.0,NULL,NULL,NULL,NULL,NULL,0.0,NULL,NULL,NULL,KGM,KGM,NULL,KGM,NULL,KGM,IT,109,ITF,162,ITF4,1115,1134,NULL,2,2.(b),NULL,NULL,2.2,NULL,2,17,NULL,24,24.1,24.10,23,158,537,NULL,NULL,NULL,NULL,NULL,NULL,0,0
974127,ILVA S.P.A. Stabilimento di Taranto,7019,2012,CO,OTHGAS,15,2,630-08-0,1.6E8,0.0,0.0,PER (UNI EN 10058),PER,M,NULL,NULL,0.0,NULL,NULL,NULL,NULL,NULL,0.0,NULL,NULL,NULL,KGM,KGM,NULL,KGM,NULL,KGM,IT,109,ITF,162,ITF4,1115,1134,NULL,2,2.(b),NULL,NULL,2.2,NULL,2,17,NULL,24,24.1,24.10,23,158,537,NULL,NULL,NULL,NULL,NULL,NULL,0,0
974127,ILVA S.P.A. Stabilimento di Taranto,7019,2012,NH3,OTHGAS,16,2,7664-41-7,59600.0,0.0,0.0,PER (US EPA METHOD CTM-027),PER,M,NULL,NULL,0.0,NULL,NULL,NULL,NULL,NULL,0.0,NULL,NULL,NULL,KGM,KGM,NULL,KGM,NULL,KGM,IT,109,ITF,162,ITF4,1115,1134,NULL,2,2.(b),NULL,NULL,2.2,NULL,2,17,NULL,24,24.1,24.10,23,158,537,NULL,NULL,NULL,NULL,NULL,NULL,0,0
974127,ILVA S.P.A. Stabilimento di Taranto,7019,2012,NMVOC,OTHGAS,17,2,NULL,392000.0,0.0,0.0,PER (UNI EN 12619 -UNI EN 13256-UNI EN 13485),PER,M,NULL,NULL,0.0,NULL,NULL,NULL,NULL,NULL,0.0,NULL,NULL,NULL,KGM,KGM,NULL,KGM,NULL,KGM,IT,109,ITF,162,ITF4,1115,1134,NULL,2,2.(b),NULL,NULL,2.2,NULL,2,17,NULL,24,24.1,24.10,23,158,537,NULL,NULL,NULL,NULL,NULL,NULL,0,0
974127,ILVA S.P.A. Stabilimento di Taranto,7019,2012,NOX,OTHGAS,18,2,NULL,8100000.0,0.0,0.0,PER (UNI EN 14792-DM 25/8/2000 All 1),PER,M,NULL,NULL,0.0,NULL,NULL,NULL,NULL,NULL,0.0,NULL,NULL,NULL,KGM,KGM,NULL,KGM,NULL,KGM,IT,109,ITF,162,ITF4,1115,1134,NULL,2,2.(b),NULL,NULL,2.2,NULL,2,17,NULL,24,24.1,24.10,23,158,537,NULL,NULL,NULL,NULL,NULL,NULL,0,0
974127,ILVA S.P.A. Stabilimento di Taranto,7019,2012,SOX,OTHGAS,19,2,NULL,8820000.0,0.0,0.0,PER (UNI EN 10393-DM 25/8/2000 All 1),PER,M,NULL,NULL,0.0,NULL,NULL,NULL,NULL,NULL,0.0,NULL,NULL,NULL,KGM,KGM,NULL,KGM,NULL,KGM,IT,109,ITF,162,ITF4,1115,1134,NULL,2,2.(b),NULL,NULL,2.2,NULL,2,17,NULL,24,24.1,24.10,23,158,537,NULL,NULL,NULL,NULL,NULL,NULL,0,0
974127,ILVA S.P.A. Stabilimento di Taranto,7019,2012,CHLORINE AND INORGANIC COMPOUNDS,OTHGAS,23,2,NULL,164000.0,0.0,0.0,PER (DM 25/8/2000 All 2),PER,M,NULL,NULL,0.0,NULL,NULL,NULL,NULL,NULL,0.0,NULL,NULL,NULL,KGM,KGM,NULL,KGM,NULL,KGM,IT,109,ITF,162,ITF4,1115,1134,NULL,2,2.(b),NULL,NULL,2.2,NULL,2,17,NULL,24,24.1,24.10,23,158,537,NULL,NULL,NULL,NULL,NULL,NULL,0,0
974127,ILVA S.P.A. Stabilimento di Taranto,7019,2012,FLUORINE AND INORGANIC COMPOUNDS,OTHGAS,24,2,NULL,7200.0,0.0,0.0,PER (DM 25/8/2000 All 2),PER,M,NULL,NULL,0.0,NULL,NULL,NULL,NULL,NULL,0.0,NULL,NULL,NULL,KGM,KGM,NULL,KGM,NULL,KGM,IT,109,ITF,162,ITF4,1115,1134,NULL,2,2.(b),NULL,NULL,2.2,NULL,2,17,NULL,24,24.1,24.10,23,158,537,NULL,NULL,NULL,NULL,NULL,NULL,0,0
974127,ILVA S.P.A. Stabilimento di Taranto,7019,2012,AS AND COMPOUNDS,HEVMET,26,3,NULL,64.6,0.0,0.0,PER (UNI EN 13485),PER,M,62.0,0.0,0.0,Other Methodologies,OTH,E,NULL,NULL,0.0,NULL,NULL,NULL,KGM,KGM,KGM,KGM,NULL,KGM,IT,109,ITF,162,ITF4,1115,1134,NULL,2,2.(b),NULL,NULL,2.2,NULL,2,17,NULL,24,24.1,24.10,23,158,537,NULL,NULL,NULL,NULL,NULL,NULL,0,0
974127,ILVA S.P.A. Stabilimento di Taranto,7019,2012,CD AND COMPOUNDS,HEVMET,27,3,NULL,23.2,0.0,0.0,PER (UNI EN 13485),PER,M,NULL,NULL,0.0,NULL,NULL,NULL,NULL,NULL,0.0,NULL,NULL,NULL,KGM,KGM,NULL,KGM,NULL,KGM,IT,109,ITF,162,ITF4,1115,1134,NULL,2,2.(b),NULL,NULL,2.2,NULL,2,17,NULL,24,24.1,24.10,23,158,537,NULL,NULL,NULL,NULL,NULL,NULL,0,0
974127,ILVA S.P.A. Stabilimento di Taranto,7019,2012,CR AND COMPOUNDS,HEVMET,28,3,NULL,7840.0,0.0,0.0,PER (UNI EN 14385-CARB METHOD 425 EPA),PER,M,232.0,0.0,0.0,Other Methodologies,OTH,E,NULL,NULL,0.0,NULL,NULL,NULL,KGM,KGM,KGM,KGM,NULL,KGM,IT,109,ITF,162,ITF4,1115,1134,NULL,2,2.(b),NULL,NULL,2.2,NULL,2,17,NULL,24,24.1,24.10,23,158,537,NULL,NULL,NULL,NULL,NULL,NULL,0,0
974127,ILVA S.P.A. Stabilimento di Taranto,7019,2012,CU AND COMPOUNDS,HEVMET,29,3,NULL,1920.0,0.0,0.0,PER (UNI EN 13485),PER,M,1960.0,0.0,0.0,Other Methodologies,OTH,E,NULL,NULL,0.0,NULL,NULL,NULL,KGM,KGM,KGM,KGM,NULL,KGM,IT,109,ITF,162,ITF4,1115,1134,NULL,2,2.(b),NULL,NULL,2.2,NULL,2,17,NULL,24,24.1,24.10,23,158,537,NULL,NULL,NULL,NULL,NULL,NULL,0,0
974127,ILVA S.P.A. Stabilimento di Taranto,7019,2012,HG AND COMPOUNDS,HEVMET,30,3,NULL,69.6,0.0,0.0,PER (UNI EN 13211-EPA METHOD 29),PER,M,NULL,NULL,0.0,NULL,NULL,NULL,NULL,NULL,0.0,NULL,NULL,NULL,KGM,KGM,NULL,KGM,NULL,KGM,IT,109,ITF,162,ITF4,1115,1134,NULL,2,2.(b),NULL,NULL,2.2,NULL,2,17,NULL,24,24.1,24.10,23,158,537,NULL,NULL,NULL,NULL,NULL,NULL,0,0
974127,ILVA S.P.A. Stabilimento di Taranto,7019,2012,NI AND COMPOUNDS,HEVMET,31,3,NULL,3350.0,0.0,0.0,PER (UNI EN 13485),PER,M,5630.0,0.0,0.0,Other Methodologies,OTH,E,NULL,NULL,0.0,NULL,NULL,NULL,KGM,KGM,KGM,KGM,NULL,KGM,IT,109,ITF,162,ITF4,1115,1134,NULL,2,2.(b),NULL,NULL,2.2,NULL,2,17,NULL,24,24.1,24.10,23,158,537,NULL,NULL,NULL,NULL,NULL,NULL,0,0
974127,ILVA S.P.A. Stabilimento di Taranto,7019,2012,PB AND COMPOUNDS,HEVMET,32,3,NULL,3310.0,0.0,0.0,PER (UNI EN 13485),PER,M,492.0,0.0,0.0,Other Methodologies,OTH,E,NULL,NULL,0.0,NULL,NULL,NULL,KGM,KGM,KGM,KGM,NULL,KGM,IT,109,ITF,162,ITF4,1115,1134,NULL,2,2.(b),NULL,NULL,2.2,NULL,2,17,NULL,24,24.1,24.10,23,158,537,NULL,NULL,NULL,NULL,NULL,NULL,0,0
974127,ILVA S.P.A. Stabilimento di Taranto,7019,2012,ZN AND COMPOUNDS,HEVMET,33,3,NULL,57800.0,0.0,0.0,PER (EPA METHOD 29),PER,M,3270.0,0.0,0.0,Other Methodologies,OTH,E,NULL,NULL,0.0,NULL,NULL,NULL,KGM,KGM,KGM,KGM,NULL,KGM,IT,109,ITF,162,ITF4,1115,1134,NULL,2,2.(b),NULL,NULL,2.2,NULL,2,17,NULL,24,24.1,24.10,23,158,537,NULL,NULL,NULL,NULL,NULL,NULL,0,0
974127,ILVA S.P.A. Stabilimento di Taranto,7019,2012,PCDD+PCDF (DIOXINS+FURANS),CHLORG,63,5,NULL,0.0051,0.0,0.0,PER (UNI EN 1948),PER,M,NULL,NULL,0.0,NULL,NULL,NULL,NULL,NULL,0.0,NULL,NULL,NULL,KGM,KGM,NULL,KGM,NULL,KGM,IT,109,ITF,162,ITF4,1115,1134,NULL,2,2.(b),NULL,NULL,2.2,NULL,2,17,NULL,24,24.1,24.10,23,158,537,NULL,NULL,NULL,NULL,NULL,NULL,0,0
974127,ILVA S.P.A. Stabilimento di Taranto,7019,2012,ANTHRACENE,OTHORG,77,6,120-12-7,NULL,NULL,0.0,NULL,NULL,NULL,1.5,0.0,0.0,Other Methodologies,OTH,E,NULL,NULL,0.0,NULL,NULL,NULL,NULL,KGM,KGM,KGM,NULL,KGM,IT,109,ITF,162,ITF4,1115,1134,NULL,2,2.(b),NULL,NULL,2.2,NULL,2,17,NULL,24,24.1,24.10,23,158,537,NULL,NULL,NULL,NULL,NULL,NULL,0,0
974127,ILVA S.P.A. Stabilimento di Taranto,7019,2012,NAPHTHALENE,OTHORG,80,6,91-20-3,606.0,0.0,0.0,PER (UNI EN 13485),PER,M,NULL,NULL,0.0,NULL,NULL,NULL,NULL,NULL,0.0,NULL,NULL,NULL,KGM,KGM,NULL,KGM,NULL,KGM,IT,109,ITF,162,ITF4,1115,1134,NULL,2,2.(b),NULL,NULL,2.2,NULL,2,17,NULL,24,24.1,24.10,23,158,537,NULL,NULL,NULL,NULL,NULL,NULL,0,0
974127,ILVA S.P.A. Stabilimento di Taranto,7019,2012,PHENOLS,OTHORG,83,6,108-95-2,NULL,NULL,0.0,NULL,NULL,NULL,835.0,0.0,0.0,Other Methodologies,OTH,E,NULL,NULL,0.0,NULL,NULL,NULL,NULL,KGM,KGM,KGM,NULL,KGM,IT,109,ITF,162,ITF4,1115,1134,NULL,2,2.(b),NULL,NULL,2.2,NULL,2,17,NULL,24,24.1,24.10,23,158,537,NULL,NULL,NULL,NULL,NULL,NULL,0,0
974127,ILVA S.P.A. Stabilimento di Taranto,7019,2012,POLYCYCLIC AROMATIC HYDROCARBONS,OTHORG,84,6,NULL,78.8,0.0,0.0,Other Methodologies,OTH,E,18.5,0.0,0.0,Other Methodologies,OTH,E,NULL,NULL,0.0,NULL,NULL,NULL,KGM,KGM,KGM,KGM,NULL,KGM,IT,109,ITF,162,ITF4,1115,1134,NULL,2,2.(b),NULL,NULL,2.2,NULL,2,17,NULL,24,24.1,24.10,23,158,537,NULL,NULL,NULL,NULL,NULL,NULL,0,0
974127,ILVA S.P.A. Stabilimento di Taranto,7019,2012,TOTAL ORGANIC CARBON (TOC),OTHORG,85,6,NULL,NULL,NULL,0.0,NULL,NULL,NULL,178000.0,0.0,0.0,Other Methodologies,OTH,E,NULL,NULL,0.0,NULL,NULL,NULL,NULL,KGM,KGM,KGM,NULL,KGM,IT,109,ITF,162,ITF4,1115,1134,NULL,2,2.(b),NULL,NULL,2.2,NULL,2,17,NULL,24,24.1,24.10,23,158,537,NULL,NULL,NULL,NULL,NULL,NULL,0,0
974127,ILVA S.P.A. Stabilimento di Taranto,7019,2012,FLUORANTHENE,OTHORG,87,6,206-44-0,NULL,NULL,0.0,NULL,NULL,NULL,2.2,0.0,0.0,Other Methodologies,OTH,E,NULL,NULL,0.0,NULL,NULL,NULL,NULL,KGM,KGM,KGM,NULL,KGM,IT,109,ITF,162,ITF4,1115,1134,NULL,2,2.(b),NULL,NULL,2.2,NULL,2,17,NULL,24,24.1,24.10,23,158,537,NULL,NULL,NULL,NULL,NULL,NULL,0,0
974127,ILVA S.P.A. Stabilimento di Taranto,7019,2012,"BENZO(G,H,I)PERYLENE",OTHORG,88,6,191-24-2,NULL,NULL,0.0,NULL,NULL,NULL,2.7,0.0,0.0,Other Methodologies,OTH,E,NULL,NULL,0.0,NULL,NULL,NULL,NULL,KGM,KGM,KGM,NULL,KGM,IT,109,ITF,162,ITF4,1115,1134,NULL,2,2.(b),NULL,NULL,2.2,NULL,2,17,NULL,24,24.1,24.10,23,158,537,NULL,NULL,NULL,NULL,NULL,NULL,0,0
974127,ILVA S.P.A. Stabilimento di Taranto,7019,2012,BENZENE,OTHORG,89,6,71-43-2,2450.0,0.0,0.0,PER (UNI EN 13649),PER,M,NULL,NULL,0.0,NULL,NULL,NULL,NULL,NULL,0.0,NULL,NULL,NULL,KGM,KGM,NULL,KGM,NULL,KGM,IT,109,ITF,162,ITF4,1115,1134,NULL,2,2.(b),NULL,NULL,2.2,NULL,2,17,NULL,24,24.1,24.10,23,158,537,NULL,NULL,NULL,NULL,NULL,NULL,0,0
974127,ILVA S.P.A. Stabilimento di Taranto,7019,2012,TOTAL - NITROGEN,INORG,93,7,NULL,NULL,NULL,0.0,NULL,NULL,NULL,208000.0,0.0,0.0,Other Methodologies,OTH,E,NULL,NULL,0.0,NULL,NULL,NULL,NULL,KGM,KGM,KGM,NULL,KGM,IT,109,ITF,162,ITF4,1115,1134,NULL,2,2.(b),NULL,NULL,2.2,NULL,2,17,NULL,24,24.1,24.10,23,158,537,NULL,NULL,NULL,NULL,NULL,NULL,0,0
974127,ILVA S.P.A. Stabilimento di Taranto,7019,2012,CYANIDES,INORG,97,7,NULL,NULL,NULL,0.0,NULL,NULL,NULL,6130.0,0.0,0.0,Other Methodologies,OTH,E,NULL,NULL,0.0,NULL,NULL,NULL,NULL,KGM,KGM,KGM,NULL,KGM,IT,109,ITF,162,ITF4,1115,1134,NULL,2,2.(b),NULL,NULL,2.2,NULL,2,17,NULL,24,24.1,24.10,23,158,537,NULL,NULL,NULL,NULL,NULL,NULL,0,0
974127,ILVA S.P.A. Stabilimento di Taranto,7019,2012,PM10,INORG,99,7,NULL,671000.0,0.0,0.0,PER (UNI EN ISO 23210),PER,M,NULL,NULL,0.0,NULL,NULL,NULL,NULL,NULL,0.0,NULL,NULL,NULL,KGM,KGM,NULL,KGM,NULL,KGM,IT,109,ITF,162,ITF4,1115,1134,NULL,2,2.(b),NULL,NULL,2.2,NULL,2,17,NULL,24,24.1,24.10,23,158,537,NULL,NULL,NULL,NULL,NULL,NULL,0,0
971094,ILVA S.P.A. Stabilimento di Taranto,7019,2011,CO2,GRHGAS,10,1,124-38-9,1.01E10,0.0,0.0,ETS,ETS,C,NULL,NULL,0.0,NULL,NULL,NULL,NULL,NULL,0.0,NULL,NULL,NULL,KGM,KGM,NULL,KGM,NULL,KGM,IT,109,ITF,162,ITF4,1115,1134,NULL,2,2.(b),NULL,NULL,2.2,NULL,2,17,NULL,24,24.1,24.10,23,158,537,NULL,NULL,NULL,NULL,NULL,NULL,0,0
971094,ILVA S.P.A. Stabilimento di Taranto,7019,2011,CO,OTHGAS,15,2,630-08-0,2.05E8,0.0,0.0,NRB (M. UNICHIM n째 542),NRB,M,NULL,NULL,0.0,NULL,NULL,NULL,NULL,NULL,0.0,NULL,NULL,NULL,KGM,KGM,NULL,KGM,NULL,KGM,IT,109,ITF,162,ITF4,1115,1134,NULL,2,2.(b),NULL,NULL,2.2,NULL,2,17,NULL,24,24.1,24.10,23,158,537,NULL,NULL,NULL,NULL,NULL,NULL,0,0
971094,ILVA S.P.A. Stabilimento di Taranto,7019,2011,NMVOC,OTHGAS,17,2,NULL,712000.0,0.0,0.0,UNI EN 13649,OTH,M,NULL,NULL,0.0,NULL,NULL,NULL,NULL,NULL,0.0,NULL,NULL,NULL,KGM,KGM,NULL,KGM,NULL,KGM,IT,109,ITF,162,ITF4,1115,1134,NULL,2,2.(b),NULL,NULL,2.2,NULL,2,17,NULL,24,24.1,24.10,23,158,537,NULL,NULL,NULL,NULL,NULL,NULL,0,0
971094,ILVA S.P.A. Stabilimento di Taranto,7019,2011,NOX,OTHGAS,18,2,NULL,9430000.0,0.0,0.0,NBR(DM25/08/00 All.1),NRB,M,NULL,NULL,0.0,NULL,NULL,NULL,NULL,NULL,0.0,NULL,NULL,NULL,KGM,KGM,NULL,KGM,NULL,KGM,IT,109,ITF,162,ITF4,1115,1134,NULL,2,2.(b),NULL,NULL,2.2,NULL,2,17,NULL,24,24.1,24.10,23,158,537,NULL,NULL,NULL,NULL,NULL,NULL,0,0
971094,ILVA S.P.A. Stabilimento di Taranto,7019,2011,SOX,OTHGAS,19,2,NULL,1.11E7,0.0,0.0,NBR(DM25/08/00 All.1),NRB,M,NULL,NULL,0.0,NULL,NULL,NULL,NULL,NULL,0.0,NULL,NULL,NULL,KGM,KGM,NULL,KGM,NULL,KGM,IT,109,ITF,162,ITF4,1115,1134,NULL,2,2.(b),NULL,NULL,2.2,NULL,2,17,NULL,24,24.1,24.10,23,158,537,NULL,NULL,NULL,NULL,NULL,NULL,0,0
971094,ILVA S.P.A. Stabilimento di Taranto,7019,2011,CHLORINE AND INORGANIC COMPOUNDS,OTHGAS,23,2,NULL,354000.0,0.0,0.0,NBR(DM25/08/00 All.2),NRB,M,NULL,NULL,0.0,NULL,NULL,NULL,NULL,NULL,0.0,NULL,NULL,NULL,KGM,KGM,NULL,KGM,NULL,KGM,IT,109,ITF,162,ITF4,1115,1134,NULL,2,2.(b),NULL,NULL,2.2,NULL,2,17,NULL,24,24.1,24.10,23,158,537,NULL,NULL,NULL,NULL,NULL,NULL,0,0
971094,ILVA S.P.A. Stabilimento di Taranto,7019,2011,FLUORINE AND INORGANIC COMPOUNDS,OTHGAS,24,2,NULL,19200.0,0.0,0.0,NBR(DM25/08/00 All.2),NRB,M,NULL,NULL,0.0,NULL,NULL,NULL,NULL,NULL,0.0,NULL,NULL,NULL,KGM,KGM,NULL,KGM,NULL,KGM,IT,109,ITF,162,ITF4,1115,1134,NULL,2,2.(b),NULL,NULL,2.2,NULL,2,17,NULL,24,24.1,24.10,23,158,537,NULL,NULL,NULL,NULL,NULL,NULL,0,0
971094,ILVA S.P.A. Stabilimento di Taranto,7019,2011,AS AND COMPOUNDS,HEVMET,26,3,NULL,190.0,0.0,0.0,NBR(DM25/08/00 App.1),NRB,M,732.0,0.0,0.0,Other Methodologies,OTH,E,NULL,NULL,0.0,NULL,NULL,NULL,KGM,KGM,KGM,KGM,NULL,KGM,IT,109,ITF,162,ITF4,1115,1134,NULL,2,2.(b),NULL,NULL,2.2,NULL,2,17,NULL,24,24.1,24.10,23,158,537,NULL,NULL,NULL,NULL,NULL,NULL,0,0
971094,ILVA S.P.A. Stabilimento di Taranto,7019,2011,CD AND COMPOUNDS,HEVMET,27,3,NULL,117.0,0.0,0.0,NBR(DM25/08/00 App.1),NRB,M,NULL,NULL,0.0,NULL,NULL,NULL,NULL,NULL,0.0,NULL,NULL,NULL,KGM,KGM,NULL,KGM,NULL,KGM,IT,109,ITF,162,ITF4,1115,1134,NULL,2,2.(b),NULL,NULL,2.2,NULL,2,17,NULL,24,24.1,24.10,23,158,537,NULL,NULL,NULL,NULL,NULL,NULL,0,0
971094,ILVA S.P.A. Stabilimento di Taranto,7019,2011,CR AND COMPOUNDS,HEVMET,28,3,NULL,567.0,0.0,0.0,NBR(DM25/08/00 App.1),NRB,M,6170.0,0.0,0.0,Other Methodologies,OTH,E,NULL,NULL,0.0,NULL,NULL,NULL,KGM,KGM,KGM,KGM,NULL,KGM,IT,109,ITF,162,ITF4,1115,1134,NULL,2,2.(b),NULL,NULL,2.2,NULL,2,17,NULL,24,24.1,24.10,23,158,537,NULL,NULL,NULL,NULL,NULL,NULL,0,0
971094,ILVA S.P.A. Stabilimento di Taranto,7019,2011,CU AND COMPOUNDS,HEVMET,29,3,NULL,1930.0,0.0,0.0,NBR(DM25/08/00 App.1),NRB,M,2150.0,0.0,0.0,Other Methodologies,OTH,E,NULL,NULL,0.0,NULL,NULL,NULL,KGM,KGM,KGM,KGM,NULL,KGM,IT,109,ITF,162,ITF4,1115,1134,NULL,2,2.(b),NULL,NULL,2.2,NULL,2,17,NULL,24,24.1,24.10,23,158,537,NULL,NULL,NULL,NULL,NULL,NULL,0,0
971094,ILVA S.P.A. Stabilimento di Taranto,7019,2011,HG AND COMPOUNDS,HEVMET,30,3,NULL,21.8,0.0,0.0,NBR(DM25/08/00 App.1),NRB,M,NULL,NULL,0.0,NULL,NULL,NULL,NULL,NULL,0.0,NULL,NULL,NULL,KGM,KGM,NULL,KGM,NULL,KGM,IT,109,ITF,162,ITF4,1115,1134,NULL,2,2.(b),NULL,NULL,2.2,NULL,2,17,NULL,24,24.1,24.10,23,158,537,NULL,NULL,NULL,NULL,NULL,NULL,0,0
971094,ILVA S.P.A. Stabilimento di Taranto,7019,2011,NI AND COMPOUNDS,HEVMET,31,3,NULL,437.0,0.0,0.0,NBR(DM25/08/00 App.1),NRB,M,2760.0,0.0,0.0,Other Methodologies,OTH,E,NULL,NULL,0.0,NULL,NULL,NULL,KGM,KGM,KGM,KGM,NULL,KGM,IT,109,ITF,162,ITF4,1115,1134,NULL,2,2.(b),NULL,NULL,2.2,NULL,2,17,NULL,24,24.1,24.10,23,158,537,NULL,NULL,NULL,NULL,NULL,NULL,0,0
971094,ILVA S.P.A. Stabilimento di Taranto,7019,2011,PB AND COMPOUNDS,HEVMET,32,3,NULL,9070.0,0.0,0.0,NBR(DM25/08/00 App.1),NRB,M,613.0,0.0,0.0,Other Methodologies,OTH,E,NULL,NULL,0.0,NULL,NULL,NULL,KGM,KGM,KGM,KGM,NULL,KGM,IT,109,ITF,162,ITF4,1115,1134,NULL,2,2.(b),NULL,NULL,2.2,NULL,2,17,NULL,24,24.1,24.10,23,158,537,NULL,NULL,NULL,NULL,NULL,NULL,0,0
971094,ILVA S.P.A. Stabilimento di Taranto,7019,2011,ZN AND COMPOUNDS,HEVMET,33,3,NULL,35100.0,0.0,0.0,NBR(DM25/08/00 App.1),NRB,M,9040.0,0.0,0.0,Other Methodologies,OTH,E,NULL,NULL,0.0,NULL,NULL,NULL,KGM,KGM,KGM,KGM,NULL,KGM,IT,109,ITF,162,ITF4,1115,1134,NULL,2,2.(b),NULL,NULL,2.2,NULL,2,17,NULL,24,24.1,24.10,23,158,537,NULL,NULL,NULL,NULL,NULL,NULL,0,0
971094,ILVA S.P.A. Stabilimento di Taranto,7019,2011,PCDD+PCDF (DIOXINS+FURANS),CHLORG,63,5,NULL,0.009,0.0,0.0,NBR (UNI EN 1948-06),NRB,M,NULL,NULL,0.0,NULL,NULL,NULL,NULL,NULL,0.0,NULL,NULL,NULL,KGM,KGM,NULL,KGM,NULL,KGM,IT,109,ITF,162,ITF4,1115,1134,NULL,2,2.(b),NULL,NULL,2.2,NULL,2,17,NULL,24,24.1,24.10,23,158,537,NULL,NULL,NULL,NULL,NULL,NULL,0,0
971094,ILVA S.P.A. Stabilimento di Taranto,7019,2011,PHENOLS,OTHORG,83,6,108-95-2,NULL,NULL,0.0,NULL,NULL,NULL,1510.0,0.0,0.0,Other Methodologies,OTH,E,NULL,NULL,0.0,NULL,NULL,NULL,NULL,KGM,KGM,KGM,NULL,KGM,IT,109,ITF,162,ITF4,1115,1134,NULL,2,2.(b),NULL,NULL,2.2,NULL,2,17,NULL,24,24.1,24.10,23,158,537,NULL,NULL,NULL,NULL,NULL,NULL,0,0
971094,ILVA S.P.A. Stabilimento di Taranto,7019,2011,POLYCYCLIC AROMATIC HYDROCARBONS,OTHORG,84,6,NULL,85.2,0.0,0.0,NBR(DM25/08/00 All.3),NRB,M,304.0,0.0,0.0,Other Methodologies,OTH,E,NULL,NULL,0.0,NULL,NULL,NULL,KGM,KGM,KGM,KGM,NULL,KGM,IT,109,ITF,162,ITF4,1115,1134,NULL,2,2.(b),NULL,NULL,2.2,NULL,2,17,NULL,24,24.1,24.10,23,158,537,NULL,NULL,NULL,NULL,NULL,NULL,0,0
971094,ILVA S.P.A. Stabilimento di Taranto,7019,2011,TOTAL ORGANIC CARBON (TOC),OTHORG,85,6,NULL,NULL,NULL,0.0,NULL,NULL,NULL,239000.0,0.0,0.0,Other Methodologies,OTH,E,NULL,NULL,0.0,NULL,NULL,NULL,NULL,KGM,KGM,KGM,NULL,KGM,IT,109,ITF,162,ITF4,1115,1134,NULL,2,2.(b),NULL,NULL,2.2,NULL,2,17,NULL,24,24.1,24.10,23,158,537,NULL,NULL,NULL,NULL,NULL,NULL,0,0
971094,ILVA S.P.A. Stabilimento di Taranto,7019,2011,BENZENE,OTHORG,89,6,71-43-2,1860.0,0.0,0.0,UNI EN 13649,OTH,M,NULL,NULL,0.0,NULL,NULL,NULL,NULL,NULL,0.0,NULL,NULL,NULL,KGM,KGM,NULL,KGM,NULL,KGM,IT,109,ITF,162,ITF4,1115,1134,NULL,2,2.(b),NULL,NULL,2.2,NULL,2,17,NULL,24,24.1,24.10,23,158,537,NULL,NULL,NULL,NULL,NULL,NULL,0,0
971094,ILVA S.P.A. Stabilimento di Taranto,7019,2011,TOTAL - NITROGEN,INORG,93,7,NULL,NULL,NULL,0.0,NULL,NULL,NULL,1860000.0,0.0,0.0,Other Methodologies,OTH,E,NULL,NULL,0.0,NULL,NULL,NULL,NULL,KGM,KGM,KGM,NULL,KGM,IT,109,ITF,162,ITF4,1115,1134,NULL,2,2.(b),NULL,NULL,2.2,NULL,2,17,NULL,24,24.1,24.10,23,158,537,NULL,NULL,NULL,NULL,NULL,NULL,0,0
971094,ILVA S.P.A. Stabilimento di Taranto,7019,2011,TOTAL - PHOSPHORUS,INORG,94,7,NULL,NULL,NULL,0.0,NULL,NULL,NULL,17600.0,0.0,0.0,Other Methodologies,OTH,E,NULL,NULL,0.0,NULL,NULL,NULL,NULL,KGM,KGM,KGM,NULL,KGM,IT,109,ITF,162,ITF4,1115,1134,NULL,2,2.(b),NULL,NULL,2.2,NULL,2,17,NULL,24,24.1,24.10,23,158,537,NULL,NULL,NULL,NULL,NULL,NULL,0,0
971094,ILVA S.P.A. Stabilimento di Taranto,7019,2011,CYANIDES,INORG,97,7,NULL,NULL,NULL,0.0,NULL,NULL,NULL,24100.0,0.0,0.0,Other Methodologies,OTH,E,NULL,NULL,0.0,NULL,NULL,NULL,NULL,KGM,KGM,KGM,NULL,KGM,IT,109,ITF,162,ITF4,1115,1134,NULL,2,2.(b),NULL,NULL,2.2,NULL,2,17,NULL,24,24.1,24.10,23,158,537,NULL,NULL,NULL,NULL,NULL,NULL,0,0
971094,ILVA S.P.A. Stabilimento di Taranto,7019,2011,PM10,INORG,99,7,NULL,1390000.0,0.0,0.0,Other Methodologies,OTH,E,NULL,NULL,0.0,NULL,NULL,NULL,NULL,NULL,0.0,NULL,NULL,NULL,KGM,KGM,NULL,KGM,NULL,KGM,IT,109,ITF,162,ITF4,1115,1134,NULL,2,2.(b),NULL,NULL,2.2,NULL,2,17,NULL,24,24.1,24.10,23,158,537,NULL,NULL,NULL,NULL,NULL,NULL,0,0
968109,ILVA S.P.A. Stabilimento di Taranto,7019,2010,CO2,GRHGAS,10,1,124-38-9,8.61E9,0.0,0.0,ETS,ETS,C,NULL,NULL,0.0,NULL,NULL,NULL,NULL,NULL,0.0,NULL,NULL,NULL,KGM,KGM,NULL,KGM,NULL,KGM,IT,109,ITF,162,ITF4,1115,1134,NULL,2,2.(b),NULL,NULL,2.2,NULL,2,17,NULL,24,24.1,24.10,23,158,537,NULL,NULL,NULL,NULL,NULL,NULL,0,0
968109,ILVA S.P.A. Stabilimento di Taranto,7019,2010,CO,OTHGAS,15,2,630-08-0,1.72E8,0.0,0.0,NRB(M. UNICHIM n째 542),NRB,M,NULL,NULL,0.0,NULL,NULL,NULL,NULL,NULL,0.0,NULL,NULL,NULL,KGM,KGM,NULL,KGM,NULL,KGM,IT,109,ITF,162,ITF4,1115,1134,NULL,2,2.(b),NULL,NULL,2.2,NULL,2,17,NULL,24,24.1,24.10,23,158,537,NULL,NULL,NULL,NULL,NULL,NULL,0,0
968109,ILVA S.P.A. Stabilimento di Taranto,7019,2010,NMVOC,OTHGAS,17,2,NULL,719000.0,0.0,0.0,UNI EN13649,OTH,M,NULL,NULL,0.0,NULL,NULL,NULL,NULL,NULL,0.0,NULL,NULL,NULL,KGM,KGM,NULL,KGM,NULL,KGM,IT,109,ITF,162,ITF4,1115,1134,NULL,2,2.(b),NULL,NULL,2.2,NULL,2,17,NULL,24,24.1,24.10,23,158,537,NULL,NULL,NULL,NULL,NULL,NULL,0,0
968109,ILVA S.P.A. Stabilimento di Taranto,7019,2010,NOX,OTHGAS,18,2,NULL,8190000.0,0.0,0.0,NRB(DM 25/08/00 All.1),NRB,M,NULL,NULL,0.0,NULL,NULL,NULL,NULL,NULL,0.0,NULL,NULL,NULL,KGM,KGM,NULL,KGM,NULL,KGM,IT,109,ITF,162,ITF4,1115,1134,NULL,2,2.(b),NULL,NULL,2.2,NULL,2,17,NULL,24,24.1,24.10,23,158,537,NULL,NULL,NULL,NULL,NULL,NULL,0,0
968109,ILVA S.P.A. Stabilimento di Taranto,7019,2010,SOX,OTHGAS,19,2,NULL,7650000.0,0.0,0.0,NRB(DM 25/08/00 All.1),NRB,M,NULL,NULL,0.0,NULL,NULL,NULL,NULL,NULL,0.0,NULL,NULL,NULL,KGM,KGM,NULL,KGM,NULL,KGM,IT,109,ITF,162,ITF4,1115,1134,NULL,2,2.(b),NULL,NULL,2.2,NULL,2,17,NULL,24,24.1,24.10,23,158,537,NULL,NULL,NULL,NULL,NULL,NULL,0,0
968109,ILVA S.P.A. Stabilimento di Taranto,7019,2010,CHLORINE AND INORGANIC COMPOUNDS,OTHGAS,23,2,NULL,357000.0,0.0,0.0,NRB(DM 25/08/00 All.2),NRB,M,NULL,NULL,0.0,NULL,NULL,NULL,NULL,NULL,0.0,NULL,NULL,NULL,KGM,KGM,NULL,KGM,NULL,KGM,IT,109,ITF,162,ITF4,1115,1134,NULL,2,2.(b),NULL,NULL,2.2,NULL,2,17,NULL,24,24.1,24.10,23,158,537,NULL,NULL,NULL,NULL,NULL,NULL,0,0
968109,ILVA S.P.A. Stabilimento di Taranto,7019,2010,FLUORINE AND INORGANIC COMPOUNDS,OTHGAS,24,2,NULL,20100.0,0.0,0.0,NRB(DM 25/08/00 All.2),NRB,M,NULL,NULL,0.0,NULL,NULL,NULL,NULL,NULL,0.0,NULL,NULL,NULL,KGM,KGM,NULL,KGM,NULL,KGM,IT,109,ITF,162,ITF4,1115,1134,NULL,2,2.(b),NULL,NULL,2.2,NULL,2,17,NULL,24,24.1,24.10,23,158,537,NULL,NULL,NULL,NULL,NULL,NULL,0,0
968109,ILVA S.P.A. Stabilimento di Taranto,7019,2010,AS AND COMPOUNDS,HEVMET,26,3,NULL,157.0,0.0,0.0,NRB(DM 25/08/00 App.1),NRB,M,655.0,0.0,0.0,Other Methodologies,OTH,E,NULL,NULL,0.0,NULL,NULL,NULL,KGM,KGM,KGM,KGM,NULL,KGM,IT,109,ITF,162,ITF4,1115,1134,NULL,2,2.(b),NULL,NULL,2.2,NULL,2,17,NULL,24,24.1,24.10,23,158,537,NULL,NULL,NULL,NULL,NULL,NULL,0,0
968109,ILVA S.P.A. Stabilimento di Taranto,7019,2010,CD AND COMPOUNDS,HEVMET,27,3,NULL,138.0,0.0,0.0,NRB(DM 25/08/00 App.1),NRB,M,NULL,NULL,0.0,NULL,NULL,NULL,NULL,NULL,0.0,NULL,NULL,NULL,KGM,KGM,NULL,KGM,NULL,KGM,IT,109,ITF,162,ITF4,1115,1134,NULL,2,2.(b),NULL,NULL,2.2,NULL,2,17,NULL,24,24.1,24.10,23,158,537,NULL,NULL,NULL,NULL,NULL,NULL,0,0
968109,ILVA S.P.A. Stabilimento di Taranto,7019,2010,CR AND COMPOUNDS,HEVMET,28,3,NULL,564.0,0.0,0.0,NRB(DM 25/08/00 App.1),NRB,M,2420.0,0.0,0.0,Other Methodologies,OTH,E,NULL,NULL,0.0,NULL,NULL,NULL,KGM,KGM,KGM,KGM,NULL,KGM,IT,109,ITF,162,ITF4,1115,1134,NULL,2,2.(b),NULL,NULL,2.2,NULL,2,17,NULL,24,24.1,24.10,23,158,537,NULL,NULL,NULL,NULL,NULL,NULL,0,0
968109,ILVA S.P.A. Stabilimento di Taranto,7019,2010,CU AND COMPOUNDS,HEVMET,29,3,NULL,1760.0,0.0,0.0,NRB(DM 25/08/00 App.1),NRB,M,2850.0,0.0,0.0,Other Methodologies,OTH,E,NULL,NULL,0.0,NULL,NULL,NULL,KGM,KGM,KGM,KGM,NULL,KGM,IT,109,ITF,162,ITF4,1115,1134,NULL,2,2.(b),NULL,NULL,2.2,NULL,2,17,NULL,24,24.1,24.10,23,158,537,NULL,NULL,NULL,NULL,NULL,NULL,0,0
968109,ILVA S.P.A. Stabilimento di Taranto,7019,2010,HG AND COMPOUNDS,HEVMET,30,3,NULL,20.9,0.0,0.0,NRB(DM 25/08/00 App.1),NRB,M,NULL,NULL,0.0,NULL,NULL,NULL,NULL,NULL,0.0,NULL,NULL,NULL,KGM,KGM,NULL,KGM,NULL,KGM,IT,109,ITF,162,ITF4,1115,1134,NULL,2,2.(b),NULL,NULL,2.2,NULL,2,17,NULL,24,24.1,24.10,23,158,537,NULL,NULL,NULL,NULL,NULL,NULL,0,0
968109,ILVA S.P.A. Stabilimento di Taranto,7019,2010,NI AND COMPOUNDS,HEVMET,31,3,NULL,425.0,0.0,0.0,NRB(DM 25/08/00 App.1),NRB,M,3720.0,0.0,0.0,Other Methodologies,OTH,E,NULL,NULL,0.0,NULL,NULL,NULL,KGM,KGM,KGM,KGM,NULL,KGM,IT,109,ITF,162,ITF4,1115,1134,NULL,2,2.(b),NULL,NULL,2.2,NULL,2,17,NULL,24,24.1,24.10,23,158,537,NULL,NULL,NULL,NULL,NULL,NULL,0,0
968109,ILVA S.P.A. Stabilimento di Taranto,7019,2010,PB AND COMPOUNDS,HEVMET,32,3,NULL,9020.0,0.0,0.0,NRB(DM 25/08/00 App.1),NRB,M,629.0,0.0,0.0,Other Methodologies,OTH,E,NULL,NULL,0.0,NULL,NULL,NULL,KGM,KGM,KGM,KGM,NULL,KGM,IT,109,ITF,162,ITF4,1115,1134,NULL,2,2.(b),NULL,NULL,2.2,NULL,2,17,NULL,24,24.1,24.10,23,158,537,NULL,NULL,NULL,NULL,NULL,NULL,0,0
968109,ILVA S.P.A. Stabilimento di Taranto,7019,2010,ZN AND COMPOUNDS,HEVMET,33,3,NULL,23700.0,0.0,0.0,NRB(DM 25/08/00 App.1),NRB,M,20100.0,0.0,0.0,Other Methodologies,OTH,E,NULL,NULL,0.0,NULL,NULL,NULL,KGM,KGM,KGM,KGM,NULL,KGM,IT,109,ITF,162,ITF4,1115,1134,NULL,2,2.(b),NULL,NULL,2.2,NULL,2,17,NULL,24,24.1,24.10,23,158,537,NULL,NULL,NULL,NULL,NULL,NULL,0,0
968109,ILVA S.P.A. Stabilimento di Taranto,7019,2010,PCDD+PCDF (DIOXINS+FURANS),CHLORG,63,5,NULL,0.0156,0.0,0.0,UNI EN 1948-06,OTH,M,NULL,NULL,0.0,NULL,NULL,NULL,NULL,NULL,0.0,NULL,NULL,NULL,KGM,KGM,NULL,KGM,NULL,KGM,IT,109,ITF,162,ITF4,1115,1134,NULL,2,2.(b),NULL,NULL,2.2,NULL,2,17,NULL,24,24.1,24.10,23,158,537,NULL,NULL,NULL,NULL,NULL,NULL,0,0
968109,ILVA S.P.A. Stabilimento di Taranto,7019,2010,PHENOLS,OTHORG,83,6,108-95-2,NULL,NULL,0.0,NULL,NULL,NULL,1240.0,0.0,0.0,Other Methodologies,OTH,E,NULL,NULL,0.0,NULL,NULL,NULL,NULL,KGM,KGM,KGM,NULL,KGM,IT,109,ITF,162,ITF4,1115,1134,NULL,2,2.(b),NULL,NULL,2.2,NULL,2,17,NULL,24,24.1,24.10,23,158,537,NULL,NULL,NULL,NULL,NULL,NULL,0,0
968109,ILVA S.P.A. Stabilimento di Taranto,7019,2010,POLYCYCLIC AROMATIC HYDROCARBONS,OTHORG,84,6,NULL,338.0,0.0,0.0,NRB(DM 25/08/00 All.3),NRB,M,249.0,0.0,0.0,Other Methodologies,OTH,E,NULL,NULL,0.0,NULL,NULL,NULL,KGM,KGM,KGM,KGM,NULL,KGM,IT,109,ITF,162,ITF4,1115,1134,NULL,2,2.(b),NULL,NULL,2.2,NULL,2,17,NULL,24,24.1,24.10,23,158,537,NULL,NULL,NULL,NULL,NULL,NULL,0,0
968109,ILVA S.P.A. Stabilimento di Taranto,7019,2010,TOTAL ORGANIC CARBON (TOC),OTHORG,85,6,NULL,NULL,NULL,0.0,NULL,NULL,NULL,196000.0,0.0,0.0,Other Methodologies,OTH,E,NULL,NULL,0.0,NULL,NULL,NULL,NULL,KGM,KGM,KGM,NULL,KGM,IT,109,ITF,162,ITF4,1115,1134,NULL,2,2.(b),NULL,NULL,2.2,NULL,2,17,NULL,24,24.1,24.10,23,158,537,NULL,NULL,NULL,NULL,NULL,NULL,0,0
968109,ILVA S.P.A. Stabilimento di Taranto,7019,2010,BENZENE,OTHORG,89,6,71-43-2,1250.0,0.0,0.0,UNI EN 13649,OTH,M,NULL,NULL,0.0,NULL,NULL,NULL,NULL,NULL,0.0,NULL,NULL,NULL,KGM,KGM,NULL,KGM,NULL,KGM,IT,109,ITF,162,ITF4,1115,1134,NULL,2,2.(b),NULL,NULL,2.2,NULL,2,17,NULL,24,24.1,24.10,23,158,537,NULL,NULL,NULL,NULL,NULL,NULL,0,0
968109,ILVA S.P.A. Stabilimento di Taranto,7019,2010,TOTAL - NITROGEN,INORG,93,7,NULL,NULL,NULL,0.0,NULL,NULL,NULL,1900000.0,0.0,0.0,Other Methodologies,OTH,E,NULL,NULL,0.0,NULL,NULL,NULL,NULL,KGM,KGM,KGM,NULL,KGM,IT,109,ITF,162,ITF4,1115,1134,NULL,2,2.(b),NULL,NULL,2.2,NULL,2,17,NULL,24,24.1,24.10,23,158,537,NULL,NULL,NULL,NULL,NULL,NULL,0,0
968109,ILVA S.P.A. Stabilimento di Taranto,7019,2010,TOTAL - PHOSPHORUS,INORG,94,7,NULL,NULL,NULL,0.0,NULL,NULL,NULL,11700.0,0.0,0.0,Other Methodologies,OTH,E,NULL,NULL,0.0,NULL,NULL,NULL,NULL,KGM,KGM,KGM,NULL,KGM,IT,109,ITF,162,ITF4,1115,1134,NULL,2,2.(b),NULL,NULL,2.2,NULL,2,17,NULL,24,24.1,24.10,23,158,537,NULL,NULL,NULL,NULL,NULL,NULL,0,0
968109,ILVA S.P.A. Stabilimento di Taranto,7019,2010,CYANIDES,INORG,97,7,NULL,NULL,NULL,0.0,NULL,NULL,NULL,29100.0,0.0,0.0,Other Methodologies,OTH,E,NULL,NULL,0.0,NULL,NULL,NULL,NULL,KGM,KGM,KGM,NULL,KGM,IT,109,ITF,162,ITF4,1115,1134,NULL,2,2.(b),NULL,NULL,2.2,NULL,2,17,NULL,24,24.1,24.10,23,158,537,NULL,NULL,NULL,NULL,NULL,NULL,0,0
968109,ILVA S.P.A. Stabilimento di Taranto,7019,2010,PM10,INORG,99,7,NULL,1360000.0,0.0,0.0,Other Methodologies,OTH,E,NULL,NULL,0.0,NULL,NULL,NULL,NULL,NULL,0.0,NULL,NULL,NULL,KGM,KGM,NULL,KGM,NULL,KGM,IT,109,ITF,162,ITF4,1115,1134,NULL,2,2.(b),NULL,NULL,2.2,NULL,2,17,NULL,24,24.1,24.10,23,158,537,NULL,NULL,NULL,NULL,NULL,NULL,0,0
965225,ILVA S.P.A. Stabilimento di Taranto,7019,2009,CO2,GRHGAS,10,1,124-38-9,5.16E9,0.0,0.0,ETS,ETS,C,NULL,NULL,0.0,NULL,NULL,NULL,NULL,NULL,0.0,NULL,NULL,NULL,KGM,KGM,NULL,KGM,NULL,KGM,IT,109,ITF,162,ITF4,1115,1134,NULL,2,2.(b),NULL,NULL,2.2,NULL,2,17,NULL,24,24.1,24.10,23,158,537,NULL,NULL,NULL,NULL,NULL,NULL,0,0
965225,ILVA S.P.A. Stabilimento di Taranto,7019,2009,CO,OTHGAS,15,2,630-08-0,1.06E8,0.0,0.0,NRB(M. UNICHIM n째 542),NRB,M,NULL,NULL,0.0,NULL,NULL,NULL,NULL,NULL,0.0,NULL,NULL,NULL,KGM,KGM,NULL,KGM,NULL,KGM,IT,109,ITF,162,ITF4,1115,1134,NULL,2,2.(b),NULL,NULL,2.2,NULL,2,17,NULL,24,24.1,24.10,23,158,537,NULL,NULL,NULL,NULL,NULL,NULL,0,0
965225,ILVA S.P.A. Stabilimento di Taranto,7019,2009,NMVOC,OTHGAS,17,2,NULL,497000.0,0.0,0.0,UNI EN13649,OTH,M,NULL,NULL,0.0,NULL,NULL,NULL,NULL,NULL,0.0,NULL,NULL,NULL,KGM,KGM,NULL,KGM,NULL,KGM,IT,109,ITF,162,ITF4,1115,1134,NULL,2,2.(b),NULL,NULL,2.2,NULL,2,17,NULL,24,24.1,24.10,23,158,537,NULL,NULL,NULL,NULL,NULL,NULL,0,0
965225,ILVA S.P.A. Stabilimento di Taranto,7019,2009,NOX,OTHGAS,18,2,NULL,5440000.0,0.0,0.0,NRB(DM 25/08/00 All.1),NRB,M,NULL,NULL,0.0,NULL,NULL,NULL,NULL,NULL,0.0,NULL,NULL,NULL,KGM,KGM,NULL,KGM,NULL,KGM,IT,109,ITF,162,ITF4,1115,1134,NULL,2,2.(b),NULL,NULL,2.2,NULL,2,17,NULL,24,24.1,24.10,23,158,537,NULL,NULL,NULL,NULL,NULL,NULL,0,0
965225,ILVA S.P.A. Stabilimento di Taranto,7019,2009,SOX,OTHGAS,19,2,NULL,4320000.0,0.0,0.0,NRB(DM 25/08/00 All.1),NRB,M,NULL,NULL,0.0,NULL,NULL,NULL,NULL,NULL,0.0,NULL,NULL,NULL,KGM,KGM,NULL,KGM,NULL,KGM,IT,109,ITF,162,ITF4,1115,1134,NULL,2,2.(b),NULL,NULL,2.2,NULL,2,17,NULL,24,24.1,24.10,23,158,537,NULL,NULL,NULL,NULL,NULL,NULL,0,0
965225,ILVA S.P.A. Stabilimento di Taranto,7019,2009,CHLORINE AND INORGANIC COMPOUNDS,OTHGAS,23,2,NULL,243000.0,0.0,0.0,NRB(DM 25/08/00 All.2),NRB,M,NULL,NULL,0.0,NULL,NULL,NULL,NULL,NULL,0.0,NULL,NULL,NULL,KGM,KGM,NULL,KGM,NULL,KGM,IT,109,ITF,162,ITF4,1115,1134,NULL,2,2.(b),NULL,NULL,2.2,NULL,2,17,NULL,24,24.1,24.10,23,158,537,NULL,NULL,NULL,NULL,NULL,NULL,0,0
965225,ILVA S.P.A. Stabilimento di Taranto,7019,2009,FLUORINE AND INORGANIC COMPOUNDS,OTHGAS,24,2,NULL,14500.0,0.0,0.0,NRB(DM 25/08/00 All.2),NRB,M,NULL,NULL,0.0,NULL,NULL,NULL,NULL,NULL,0.0,NULL,NULL,NULL,KGM,KGM,NULL,KGM,NULL,KGM,IT,109,ITF,162,ITF4,1115,1134,NULL,2,2.(b),NULL,NULL,2.2,NULL,2,17,NULL,24,24.1,24.10,23,158,537,NULL,NULL,NULL,NULL,NULL,NULL,0,0
965225,ILVA S.P.A. Stabilimento di Taranto,7019,2009,AS AND COMPOUNDS,HEVMET,26,3,NULL,117.0,0.0,0.0,NRB(DM 25/08/00 App.1),NRB,M,534.0,0.0,0.0,Other Methodologies,OTH,E,NULL,NULL,0.0,NULL,NULL,NULL,KGM,KGM,KGM,KGM,NULL,KGM,IT,109,ITF,162,ITF4,1115,1134,NULL,2,2.(b),NULL,NULL,2.2,NULL,2,17,NULL,24,24.1,24.10,23,158,537,NULL,NULL,NULL,NULL,NULL,NULL,0,0
965225,ILVA S.P.A. Stabilimento di Taranto,7019,2009,CD AND COMPOUNDS,HEVMET,27,3,NULL,80.6,0.0,0.0,NRB(DM 25/08/00 App.1),NRB,M,NULL,NULL,0.0,NULL,NULL,NULL,NULL,NULL,0.0,NULL,NULL,NULL,KGM,KGM,NULL,KGM,NULL,KGM,IT,109,ITF,162,ITF4,1115,1134,NULL,2,2.(b),NULL,NULL,2.2,NULL,2,17,NULL,24,24.1,24.10,23,158,537,NULL,NULL,NULL,NULL,NULL,NULL,0,0
965225,ILVA S.P.A. Stabilimento di Taranto,7019,2009,CR AND COMPOUNDS,HEVMET,28,3,NULL,423.0,0.0,0.0,NRB(DM 25/08/00 App.1),NRB,M,1800.0,0.0,0.0,Other Methodologies,OTH,E,NULL,NULL,0.0,NULL,NULL,NULL,KGM,KGM,KGM,KGM,NULL,KGM,IT,109,ITF,162,ITF4,1115,1134,NULL,2,2.(b),NULL,NULL,2.2,NULL,2,17,NULL,24,24.1,24.10,23,158,537,NULL,NULL,NULL,NULL,NULL,NULL,0,0
965225,ILVA S.P.A. Stabilimento di Taranto,7019,2009,CU AND COMPOUNDS,HEVMET,29,3,NULL,1120.0,0.0,0.0,NRB(DM 25/08/00 App.1),NRB,M,4520.0,0.0,0.0,Other Methodologies,OTH,E,NULL,NULL,0.0,NULL,NULL,NULL,KGM,KGM,KGM,KGM,NULL,KGM,IT,109,ITF,162,ITF4,1115,1134,NULL,2,2.(b),NULL,NULL,2.2,NULL,2,17,NULL,24,24.1,24.10,23,158,537,NULL,NULL,NULL,NULL,NULL,NULL,0,0
965225,ILVA S.P.A. Stabilimento di Taranto,7019,2009,HG AND COMPOUNDS,HEVMET,30,3,NULL,12.6,0.0,0.0,NRB(DM 25/08/00 App.1),NRB,M,NULL,NULL,0.0,NULL,NULL,NULL,NULL,NULL,0.0,NULL,NULL,NULL,KGM,KGM,NULL,KGM,NULL,KGM,IT,109,ITF,162,ITF4,1115,1134,NULL,2,2.(b),NULL,NULL,2.2,NULL,2,17,NULL,24,24.1,24.10,23,158,537,NULL,NULL,NULL,NULL,NULL,NULL,0,0
965225,ILVA S.P.A. Stabilimento di Taranto,7019,2009,NI AND COMPOUNDS,HEVMET,31,3,NULL,339.0,0.0,0.0,NRB(DM 25/08/00 App.1),NRB,M,7150.0,0.0,0.0,Other Methodologies,OTH,E,NULL,NULL,0.0,NULL,NULL,NULL,KGM,KGM,KGM,KGM,NULL,KGM,IT,109,ITF,162,ITF4,1115,1134,NULL,2,2.(b),NULL,NULL,2.2,NULL,2,17,NULL,24,24.1,24.10,23,158,537,NULL,NULL,NULL,NULL,NULL,NULL,0,0
965225,ILVA S.P.A. Stabilimento di Taranto,7019,2009,PB AND COMPOUNDS,HEVMET,32,3,NULL,5870.0,0.0,0.0,NRB(DM 25/08/00 App.1),NRB,M,740.0,0.0,0.0,Other Methodologies,OTH,E,NULL,NULL,0.0,NULL,NULL,NULL,KGM,KGM,KGM,KGM,NULL,KGM,IT,109,ITF,162,ITF4,1115,1134,NULL,2,2.(b),NULL,NULL,2.2,NULL,2,17,NULL,24,24.1,24.10,23,158,537,NULL,NULL,NULL,NULL,NULL,NULL,0,0
965225,ILVA S.P.A. Stabilimento di Taranto,7019,2009,ZN AND COMPOUNDS,HEVMET,33,3,NULL,27200.0,0.0,0.0,NRB(DM 25/08/00 App.1),NRB,M,18300.0,0.0,0.0,Other Methodologies,OTH,E,NULL,NULL,0.0,NULL,NULL,NULL,KGM,KGM,KGM,KGM,NULL,KGM,IT,109,ITF,162,ITF4,1115,1134,NULL,2,2.(b),NULL,NULL,2.2,NULL,2,17,NULL,24,24.1,24.10,23,158,537,NULL,NULL,NULL,NULL,NULL,NULL,0,0
965225,ILVA S.P.A. Stabilimento di Taranto,7019,2009,PCDD+PCDF (DIOXINS+FURANS),CHLORG,63,5,NULL,0.0272,0.0,0.0,UNI EN 1948-06,OTH,M,NULL,NULL,0.0,NULL,NULL,NULL,NULL,NULL,0.0,NULL,NULL,NULL,KGM,KGM,NULL,KGM,NULL,KGM,IT,109,ITF,162,ITF4,1115,1134,NULL,2,2.(b),NULL,NULL,2.2,NULL,2,17,NULL,24,24.1,24.10,23,158,537,NULL,NULL,NULL,NULL,NULL,NULL,0,0
965225,ILVA S.P.A. Stabilimento di Taranto,7019,2009,POLYCHLORINATED BIPHENYLS (PCBS),CHLORG,66,5,1336-36-3,7.6,0.0,0.0,UNI EN 1948-06,OTH,M,NULL,NULL,0.0,NULL,NULL,NULL,NULL,NULL,0.0,NULL,NULL,NULL,KGM,KGM,NULL,KGM,NULL,KGM,IT,109,ITF,162,ITF4,1115,1134,NULL,2,2.(b),NULL,NULL,2.2,NULL,2,17,NULL,24,24.1,24.10,23,158,537,NULL,NULL,NULL,NULL,NULL,NULL,0,0
965225,ILVA S.P.A. Stabilimento di Taranto,7019,2009,PHENOLS,OTHORG,83,6,108-95-2,NULL,NULL,0.0,NULL,NULL,NULL,836.0,0.0,0.0,Other Methodologies,OTH,E,NULL,NULL,0.0,NULL,NULL,NULL,NULL,KGM,KGM,KGM,NULL,KGM,IT,109,ITF,162,ITF4,1115,1134,NULL,2,2.(b),NULL,NULL,2.2,NULL,2,17,NULL,24,24.1,24.10,23,158,537,NULL,NULL,NULL,NULL,NULL,NULL,0,0
965225,ILVA S.P.A. Stabilimento di Taranto,7019,2009,POLYCYCLIC AROMATIC HYDROCARBONS,OTHORG,84,6,NULL,200.0,0.0,0.0,NRB(DM 25/08/00 All.3),NRB,M,168.0,0.0,0.0,Other Methodologies,OTH,E,NULL,NULL,0.0,NULL,NULL,NULL,KGM,KGM,KGM,KGM,NULL,KGM,IT,109,ITF,162,ITF4,1115,1134,NULL,2,2.(b),NULL,NULL,2.2,NULL,2,17,NULL,24,24.1,24.10,23,158,537,NULL,NULL,NULL,NULL,NULL,NULL,0,0
965225,ILVA S.P.A. Stabilimento di Taranto,7019,2009,TOTAL ORGANIC CARBON (TOC),OTHORG,85,6,NULL,NULL,NULL,0.0,NULL,NULL,NULL,129000.0,0.0,0.0,Other Methodologies,OTH,E,NULL,NULL,0.0,NULL,NULL,NULL,NULL,KGM,KGM,KGM,NULL,KGM,IT,109,ITF,162,ITF4,1115,1134,NULL,2,2.(b),NULL,NULL,2.2,NULL,2,17,NULL,24,24.1,24.10,23,158,537,NULL,NULL,NULL,NULL,NULL,NULL,0,0
965225,ILVA S.P.A. Stabilimento di Taranto,7019,2009,TOTAL - NITROGEN,INORG,93,7,NULL,NULL,NULL,0.0,NULL,NULL,NULL,1160000.0,0.0,0.0,Other Methodologies,OTH,E,NULL,NULL,0.0,NULL,NULL,NULL,NULL,KGM,KGM,KGM,NULL,KGM,IT,109,ITF,162,ITF4,1115,1134,NULL,2,2.(b),NULL,NULL,2.2,NULL,2,17,NULL,24,24.1,24.10,23,158,537,NULL,NULL,NULL,NULL,NULL,NULL,0,0
965225,ILVA S.P.A. Stabilimento di Taranto,7019,2009,TOTAL - PHOSPHORUS,INORG,94,7,NULL,NULL,NULL,0.0,NULL,NULL,NULL,10700.0,0.0,0.0,Other Methodologies,OTH,E,NULL,NULL,0.0,NULL,NULL,NULL,NULL,KGM,KGM,KGM,NULL,KGM,IT,109,ITF,162,ITF4,1115,1134,NULL,2,2.(b),NULL,NULL,2.2,NULL,2,17,NULL,24,24.1,24.10,23,158,537,NULL,NULL,NULL,NULL,NULL,NULL,0,0
965225,ILVA S.P.A. Stabilimento di Taranto,7019,2009,CYANIDES,INORG,97,7,NULL,NULL,NULL,0.0,NULL,NULL,NULL,26700.0,0.0,0.0,Other Methodologies,OTH,E,NULL,NULL,0.0,NULL,NULL,NULL,NULL,KGM,KGM,KGM,NULL,KGM,IT,109,ITF,162,ITF4,1115,1134,NULL,2,2.(b),NULL,NULL,2.2,NULL,2,17,NULL,24,24.1,24.10,23,158,537,NULL,NULL,NULL,NULL,NULL,NULL,0,0
965225,ILVA S.P.A. Stabilimento di Taranto,7019,2009,PM10,INORG,99,7,NULL,1060000.0,0.0,0.0,Other Methodologies,OTH,E,NULL,NULL,0.0,NULL,NULL,NULL,NULL,NULL,0.0,NULL,NULL,NULL,KGM,KGM,NULL,KGM,NULL,KGM,IT,109,ITF,162,ITF4,1115,1134,NULL,2,2.(b),NULL,NULL,2.2,NULL,2,17,NULL,24,24.1,24.10,23,158,537,NULL,NULL,NULL,NULL,NULL,NULL,0,0
962460,ILVA S.P.A. Stabilimento di Taranto,7019,2008,CH4,GRHGAS,9,1,74-82-8,251000.0,0.0,0.0,Other Methodologies,OTH,E,NULL,NULL,0.0,NULL,NULL,NULL,NULL,NULL,0.0,NULL,NULL,NULL,KGM,KGM,NULL,KGM,NULL,KGM,IT,109,ITF,162,ITF4,1115,1134,NULL,2,2.(b),NULL,NULL,2.2,NULL,2,17,NULL,24,24.1,24.10,23,158,537,NULL,NULL,NULL,NULL,NULL,NULL,0,0
962460,ILVA S.P.A. Stabilimento di Taranto,7019,2008,CO2,GRHGAS,10,1,124-38-9,1.07E10,0.0,0.0,ETS,ETS,C,NULL,NULL,0.0,NULL,NULL,NULL,NULL,NULL,0.0,NULL,NULL,NULL,KGM,KGM,NULL,KGM,NULL,KGM,IT,109,ITF,162,ITF4,1115,1134,NULL,2,2.(b),NULL,NULL,2.2,NULL,2,17,NULL,24,24.1,24.10,23,158,537,NULL,NULL,NULL,NULL,NULL,NULL,0,0
962460,ILVA S.P.A. Stabilimento di Taranto,7019,2008,CO,OTHGAS,15,2,630-08-0,2.48E8,0.0,0.0,NRB (M. UNICHIM n째 542),NRB,M,NULL,NULL,0.0,NULL,NULL,NULL,NULL,NULL,0.0,NULL,NULL,NULL,KGM,KGM,NULL,KGM,NULL,KGM,IT,109,ITF,162,ITF4,1115,1134,NULL,2,2.(b),NULL,NULL,2.2,NULL,2,17,NULL,24,24.1,24.10,23,158,537,NULL,NULL,NULL,NULL,NULL,NULL,0,0
962460,ILVA S.P.A. Stabilimento di Taranto,7019,2008,NMVOC,OTHGAS,17,2,NULL,1550000.0,0.0,0.0,UNI EN 13649,CEN/ISO,M,NULL,NULL,0.0,NULL,NULL,NULL,NULL,NULL,0.0,NULL,NULL,NULL,KGM,KGM,NULL,KGM,NULL,KGM,IT,109,ITF,162,ITF4,1115,1134,NULL,2,2.(b),NULL,NULL,2.2,NULL,2,17,NULL,24,24.1,24.10,23,158,537,NULL,NULL,NULL,NULL,NULL,NULL,0,0
962460,ILVA S.P.A. Stabilimento di Taranto,7019,2008,NOX,OTHGAS,18,2,NULL,1.25E7,0.0,0.0,NRB (D.M. 25/08/00 All. 1),NRB,M,NULL,NULL,0.0,NULL,NULL,NULL,NULL,NULL,0.0,NULL,NULL,NULL,KGM,KGM,NULL,KGM,NULL,KGM,IT,109,ITF,162,ITF4,1115,1134,NULL,2,2.(b),NULL,NULL,2.2,NULL,2,17,NULL,24,24.1,24.10,23,158,537,NULL,NULL,NULL,NULL,NULL,NULL,0,0
962460,ILVA S.P.A. Stabilimento di Taranto,7019,2008,SOX,OTHGAS,19,2,NULL,1.27E7,0.0,0.0,NRB (D.M. 25/08/00 All. 1),NRB,M,NULL,NULL,0.0,NULL,NULL,NULL,NULL,NULL,0.0,NULL,NULL,NULL,KGM,KGM,NULL,KGM,NULL,KGM,IT,109,ITF,162,ITF4,1115,1134,NULL,2,2.(b),NULL,NULL,2.2,NULL,2,17,NULL,24,24.1,24.10,23,158,537,NULL,NULL,NULL,NULL,NULL,NULL,0,0
962460,ILVA S.P.A. Stabilimento di Taranto,7019,2008,CHLORINE AND INORGANIC COMPOUNDS,OTHGAS,23,2,NULL,457000.0,0.0,0.0,NRB (D.M. 25/08/00 All. 2),NRB,M,NULL,NULL,0.0,NULL,NULL,NULL,NULL,NULL,0.0,NULL,NULL,NULL,KGM,KGM,NULL,KGM,NULL,KGM,IT,109,ITF,162,ITF4,1115,1134,NULL,2,2.(b),NULL,NULL,2.2,NULL,2,17,NULL,24,24.1,24.10,23,158,537,NULL,NULL,NULL,NULL,NULL,NULL,0,0
962460,ILVA S.P.A. Stabilimento di Taranto,7019,2008,FLUORINE AND INORGANIC COMPOUNDS,OTHGAS,24,2,NULL,20100.0,0.0,0.0,NRB (D.M. 25/08/00 All. 2),NRB,M,NULL,NULL,0.0,NULL,NULL,NULL,NULL,NULL,0.0,NULL,NULL,NULL,KGM,KGM,NULL,KGM,NULL,KGM,IT,109,ITF,162,ITF4,1115,1134,NULL,2,2.(b),NULL,NULL,2.2,NULL,2,17,NULL,24,24.1,24.10,23,158,537,NULL,NULL,NULL,NULL,NULL,NULL,0,0
962460,ILVA S.P.A. Stabilimento di Taranto,7019,2008,AS AND COMPOUNDS,HEVMET,26,3,NULL,177.0,0.0,0.0,NRB (D.M. 25/08/00 App. 1),NRB,M,740.0,0.0,0.0,Other Methodologies,OTH,E,NULL,NULL,0.0,NULL,NULL,NULL,KGM,KGM,KGM,KGM,NULL,KGM,IT,109,ITF,162,ITF4,1115,1134,NULL,2,2.(b),NULL,NULL,2.2,NULL,2,17,NULL,24,24.1,24.10,23,158,537,NULL,NULL,NULL,NULL,NULL,NULL,0,0
962460,ILVA S.P.A. Stabilimento di Taranto,7019,2008,CD AND COMPOUNDS,HEVMET,27,3,NULL,137.0,0.0,0.0,NRB (D.M. 25/08/00 App. 1),NRB,M,NULL,NULL,0.0,NULL,NULL,NULL,NULL,NULL,0.0,NULL,NULL,NULL,KGM,KGM,NULL,KGM,NULL,KGM,IT,109,ITF,162,ITF4,1115,1134,NULL,2,2.(b),NULL,NULL,2.2,NULL,2,17,NULL,24,24.1,24.10,23,158,537,NULL,NULL,NULL,NULL,NULL,NULL,0,0
962460,ILVA S.P.A. Stabilimento di Taranto,7019,2008,CR AND COMPOUNDS,HEVMET,28,3,NULL,749.0,0.0,0.0,NRB (D.M. 25/08/00 App. 1),NRB,M,4630.0,0.0,0.0,Other Methodologies,OTH,E,NULL,NULL,0.0,NULL,NULL,NULL,KGM,KGM,KGM,KGM,NULL,KGM,IT,109,ITF,162,ITF4,1115,1134,NULL,2,2.(b),NULL,NULL,2.2,NULL,2,17,NULL,24,24.1,24.10,23,158,537,NULL,NULL,NULL,NULL,NULL,NULL,0,0
962460,ILVA S.P.A. Stabilimento di Taranto,7019,2008,CU AND COMPOUNDS,HEVMET,29,3,NULL,1590.0,0.0,0.0,NRB (D.M. 25/08/00 App. 1),NRB,M,9590.0,0.0,0.0,Other Methodologies,OTH,E,NULL,NULL,0.0,NULL,NULL,NULL,KGM,KGM,KGM,KGM,NULL,KGM,IT,109,ITF,162,ITF4,1115,1134,NULL,2,2.(b),NULL,NULL,2.2,NULL,2,17,NULL,24,24.1,24.10,23,158,537,NULL,NULL,NULL,NULL,NULL,NULL,0,0
962460,ILVA S.P.A. Stabilimento di Taranto,7019,2008,HG AND COMPOUNDS,HEVMET,30,3,NULL,105.0,0.0,0.0,NRB (D.M. 25/08/00 App. 1),NRB,M,NULL,NULL,0.0,NULL,NULL,NULL,NULL,NULL,0.0,NULL,NULL,NULL,KGM,KGM,NULL,KGM,NULL,KGM,IT,109,ITF,162,ITF4,1115,1134,NULL,2,2.(b),NULL,NULL,2.2,NULL,2,17,NULL,24,24.1,24.10,23,158,537,NULL,NULL,NULL,NULL,NULL,NULL,0,0
962460,ILVA S.P.A. Stabilimento di Taranto,7019,2008,NI AND COMPOUNDS,HEVMET,31,3,NULL,489.0,0.0,0.0,NRB (D.M. 25/08/00 App. 1),NRB,M,9040.0,0.0,0.0,Other Methodologies,OTH,E,NULL,NULL,0.0,NULL,NULL,NULL,KGM,KGM,KGM,KGM,NULL,KGM,IT,109,ITF,162,ITF4,1115,1134,NULL,2,2.(b),NULL,NULL,2.2,NULL,2,17,NULL,24,24.1,24.10,23,158,537,NULL,NULL,NULL,NULL,NULL,NULL,0,0
962460,ILVA S.P.A. Stabilimento di Taranto,7019,2008,PB AND COMPOUNDS,HEVMET,32,3,NULL,11200.0,0.0,0.0,NRB (D.M. 25/08/00 App. 1),NRB,M,926.0,0.0,0.0,Other Methodologies,OTH,E,NULL,NULL,0.0,NULL,NULL,NULL,KGM,KGM,KGM,KGM,NULL,KGM,IT,109,ITF,162,ITF4,1115,1134,NULL,2,2.(b),NULL,NULL,2.2,NULL,2,17,NULL,24,24.1,24.10,23,158,537,NULL,NULL,NULL,NULL,NULL,NULL,0,0
962460,ILVA S.P.A. Stabilimento di Taranto,7019,2008,ZN AND COMPOUNDS,HEVMET,33,3,NULL,36000.0,0.0,0.0,NRB (D.M. 25/08/00 App. 1),NRB,M,24700.0,0.0,0.0,Other Methodologies,OTH,E,NULL,NULL,0.0,NULL,NULL,NULL,KGM,KGM,KGM,KGM,NULL,KGM,IT,109,ITF,162,ITF4,1115,1134,NULL,2,2.(b),NULL,NULL,2.2,NULL,2,17,NULL,24,24.1,24.10,23,158,537,NULL,NULL,NULL,NULL,NULL,NULL,0,0
962460,ILVA S.P.A. Stabilimento di Taranto,7019,2008,PCDD+PCDF (DIOXINS+FURANS),CHLORG,63,5,NULL,0.097,0.0,0.0,Other Methodologies,OTH,E,NULL,NULL,0.0,NULL,NULL,NULL,NULL,NULL,0.0,NULL,NULL,NULL,KGM,KGM,NULL,KGM,NULL,KGM,IT,109,ITF,162,ITF4,1115,1134,NULL,2,2.(b),NULL,NULL,2.2,NULL,2,17,NULL,24,24.1,24.10,23,158,537,NULL,NULL,NULL,NULL,NULL,NULL,0,0
962460,ILVA S.P.A. Stabilimento di Taranto,7019,2008,POLYCHLORINATED BIPHENYLS (PCBS),CHLORG,66,5,1336-36-3,30.8,0.0,0.0,UNI EN 1948-06,CEN/ISO,M,NULL,NULL,0.0,NULL,NULL,NULL,NULL,NULL,0.0,NULL,NULL,NULL,KGM,KGM,NULL,KGM,NULL,KGM,IT,109,ITF,162,ITF4,1115,1134,NULL,2,2.(b),NULL,NULL,2.2,NULL,2,17,NULL,24,24.1,24.10,23,158,537,NULL,NULL,NULL,NULL,NULL,NULL,0,0
962460,ILVA S.P.A. Stabilimento di Taranto,7019,2008,PHENOLS,OTHORG,83,6,108-95-2,NULL,NULL,0.0,NULL,NULL,NULL,12800.0,0.0,0.0,Other Methodologies,OTH,E,NULL,NULL,0.0,NULL,NULL,NULL,NULL,KGM,KGM,KGM,NULL,KGM,IT,109,ITF,162,ITF4,1115,1134,NULL,2,2.(b),NULL,NULL,2.2,NULL,2,17,NULL,24,24.1,24.10,23,158,537,NULL,NULL,NULL,NULL,NULL,NULL,0,0
962460,ILVA S.P.A. Stabilimento di Taranto,7019,2008,POLYCYCLIC AROMATIC HYDROCARBONS,OTHORG,84,6,NULL,1530.0,0.0,0.0,Other Methodologies,OTH,E,314.0,0.0,0.0,Other Methodologies,OTH,E,NULL,NULL,0.0,NULL,NULL,NULL,KGM,KGM,KGM,KGM,NULL,KGM,IT,109,ITF,162,ITF4,1115,1134,NULL,2,2.(b),NULL,NULL,2.2,NULL,2,17,NULL,24,24.1,24.10,23,158,537,NULL,NULL,NULL,NULL,NULL,NULL,0,0
962460,ILVA S.P.A. Stabilimento di Taranto,7019,2008,TOTAL ORGANIC CARBON (TOC),OTHORG,85,6,NULL,NULL,NULL,0.0,NULL,NULL,NULL,245000.0,0.0,0.0,Other Methodologies,OTH,E,NULL,NULL,0.0,NULL,NULL,NULL,NULL,KGM,KGM,KGM,NULL,KGM,IT,109,ITF,162,ITF4,1115,1134,NULL,2,2.(b),NULL,NULL,2.2,NULL,2,17,NULL,24,24.1,24.10,23,158,537,NULL,NULL,NULL,NULL,NULL,NULL,0,0
962460,ILVA S.P.A. Stabilimento di Taranto,7019,2008,BENZENE,OTHORG,89,6,71-43-2,16000.0,0.0,0.0,Other Methodologies,OTH,E,NULL,NULL,0.0,NULL,NULL,NULL,NULL,NULL,0.0,NULL,NULL,NULL,KGM,KGM,NULL,KGM,NULL,KGM,IT,109,ITF,162,ITF4,1115,1134,NULL,2,2.(b),NULL,NULL,2.2,NULL,2,17,NULL,24,24.1,24.10,23,158,537,NULL,NULL,NULL,NULL,NULL,NULL,0,0
962460,ILVA S.P.A. Stabilimento di Taranto,7019,2008,TOTAL - NITROGEN,INORG,93,7,NULL,NULL,NULL,0.0,NULL,NULL,NULL,1520000.0,0.0,0.0,Other Methodologies,OTH,E,NULL,NULL,0.0,NULL,NULL,NULL,NULL,KGM,KGM,KGM,NULL,KGM,IT,109,ITF,162,ITF4,1115,1134,NULL,2,2.(b),NULL,NULL,2.2,NULL,2,17,NULL,24,24.1,24.10,23,158,537,NULL,NULL,NULL,NULL,NULL,NULL,0,0
962460,ILVA S.P.A. Stabilimento di Taranto,7019,2008,TOTAL - PHOSPHORUS,INORG,94,7,NULL,NULL,NULL,0.0,NULL,NULL,NULL,12400.0,0.0,0.0,Other Methodologies,OTH,E,NULL,NULL,0.0,NULL,NULL,NULL,NULL,KGM,KGM,KGM,NULL,KGM,IT,109,ITF,162,ITF4,1115,1134,NULL,2,2.(b),NULL,NULL,2.2,NULL,2,17,NULL,24,24.1,24.10,23,158,537,NULL,NULL,NULL,NULL,NULL,NULL,0,0
962460,ILVA S.P.A. Stabilimento di Taranto,7019,2008,CYANIDES,INORG,97,7,NULL,NULL,NULL,0.0,NULL,NULL,NULL,31100.0,0.0,0.0,Other Methodologies,OTH,E,NULL,NULL,0.0,NULL,NULL,NULL,NULL,KGM,KGM,KGM,NULL,KGM,IT,109,ITF,162,ITF4,1115,1134,NULL,2,2.(b),NULL,NULL,2.2,NULL,2,17,NULL,24,24.1,24.10,23,158,537,NULL,NULL,NULL,NULL,NULL,NULL,0,0
962460,ILVA S.P.A. Stabilimento di Taranto,7019,2008,PM10,INORG,99,7,NULL,3380000.0,0.0,0.0,Other Methodologies,OTH,E,NULL,NULL,0.0,NULL,NULL,NULL,NULL,NULL,0.0,NULL,NULL,NULL,KGM,KGM,NULL,KGM,NULL,KGM,IT,109,ITF,162,ITF4,1115,1134,NULL,2,2.(b),NULL,NULL,2.2,NULL,2,17,NULL,24,24.1,24.10,23,158,537,NULL,NULL,NULL,NULL,NULL,NULL,0,0
959784,ILVA S.P.A. Stabilimento di Taranto,7019,2007,CH4,GRHGAS,9,1,74-82-8,266000.0,0.0,0.0,Other Methodologies,OTH,E,NULL,NULL,0.0,NULL,NULL,NULL,NULL,NULL,0.0,NULL,NULL,NULL,KGM,KGM,NULL,KGM,NULL,KGM,IT,109,ITF,162,ITF4,1115,1134,NULL,2,2.(b),NULL,NULL,2.2,NULL,2,17,NULL,24,24.1,24.10,23,158,537,NULL,NULL,NULL,NULL,NULL,NULL,0,0
959784,ILVA S.P.A. Stabilimento di Taranto,7019,2007,CO2,GRHGAS,10,1,124-38-9,1.13E10,0.0,0.0,ETS,ETS,C,NULL,NULL,0.0,NULL,NULL,NULL,NULL,NULL,0.0,NULL,NULL,NULL,KGM,KGM,NULL,KGM,NULL,KGM,IT,109,ITF,162,ITF4,1115,1134,NULL,2,2.(b),NULL,NULL,2.2,NULL,2,17,NULL,24,24.1,24.10,23,158,537,NULL,NULL,NULL,NULL,NULL,NULL,0,0
959784,ILVA S.P.A. Stabilimento di Taranto,7019,2007,CO,OTHGAS,15,2,630-08-0,2.27E8,0.0,0.0,NRB (M. UNICHIM n째 542),NRB,M,NULL,NULL,0.0,NULL,NULL,NULL,NULL,NULL,0.0,NULL,NULL,NULL,KGM,KGM,NULL,KGM,NULL,KGM,IT,109,ITF,162,ITF4,1115,1134,NULL,2,2.(b),NULL,NULL,2.2,NULL,2,17,NULL,24,24.1,24.10,23,158,537,NULL,NULL,NULL,NULL,NULL,NULL,0,0
959784,ILVA S.P.A. Stabilimento di Taranto,7019,2007,NMVOC,OTHGAS,17,2,NULL,937000.0,0.0,0.0,UNI EN 13649,OTH,M,NULL,NULL,0.0,NULL,NULL,NULL,NULL,NULL,0.0,NULL,NULL,NULL,KGM,KGM,NULL,KGM,NULL,KGM,IT,109,ITF,162,ITF4,1115,1134,NULL,2,2.(b),NULL,NULL,2.2,NULL,2,17,NULL,24,24.1,24.10,23,158,537,NULL,NULL,NULL,NULL,NULL,NULL,0,0
959784,ILVA S.P.A. Stabilimento di Taranto,7019,2007,NOX,OTHGAS,18,2,NULL,1.29E7,0.0,0.0,NRB (D.M. 25/08/00 All. 1),NRB,M,NULL,NULL,0.0,NULL,NULL,NULL,NULL,NULL,0.0,NULL,NULL,NULL,KGM,KGM,NULL,KGM,NULL,KGM,IT,109,ITF,162,ITF4,1115,1134,NULL,2,2.(b),NULL,NULL,2.2,NULL,2,17,NULL,24,24.1,24.10,23,158,537,NULL,NULL,NULL,NULL,NULL,NULL,0,0
959784,ILVA S.P.A. Stabilimento di Taranto,7019,2007,SOX,OTHGAS,19,2,NULL,1.39E7,0.0,0.0,NRB (D.M. 25/08/00 All. 1),NRB,M,NULL,NULL,0.0,NULL,NULL,NULL,NULL,NULL,0.0,NULL,NULL,NULL,KGM,KGM,NULL,KGM,NULL,KGM,IT,109,ITF,162,ITF4,1115,1134,NULL,2,2.(b),NULL,NULL,2.2,NULL,2,17,NULL,24,24.1,24.10,23,158,537,NULL,NULL,NULL,NULL,NULL,NULL,0,0
959784,ILVA S.P.A. Stabilimento di Taranto,7019,2007,CHLORINE AND INORGANIC COMPOUNDS,OTHGAS,23,2,NULL,476000.0,0.0,0.0,NRB (D.M. 25/08/00 All. 2),NRB,M,NULL,NULL,0.0,NULL,NULL,NULL,NULL,NULL,0.0,NULL,NULL,NULL,KGM,KGM,NULL,KGM,NULL,KGM,IT,109,ITF,162,ITF4,1115,1134,NULL,2,2.(b),NULL,NULL,2.2,NULL,2,17,NULL,24,24.1,24.10,23,158,537,NULL,NULL,NULL,NULL,NULL,NULL,0,0
959784,ILVA S.P.A. Stabilimento di Taranto,7019,2007,FLUORINE AND INORGANIC COMPOUNDS,OTHGAS,24,2,NULL,17600.0,0.0,0.0,NRB (D.M. 25/08/00 All.2),NRB,M,NULL,NULL,0.0,NULL,NULL,NULL,NULL,NULL,0.0,NULL,NULL,NULL,KGM,KGM,NULL,KGM,NULL,KGM,IT,109,ITF,162,ITF4,1115,1134,NULL,2,2.(b),NULL,NULL,2.2,NULL,2,17,NULL,24,24.1,24.10,23,158,537,NULL,NULL,NULL,NULL,NULL,NULL,0,0
959784,ILVA S.P.A. Stabilimento di Taranto,7019,2007,AS AND COMPOUNDS,HEVMET,26,3,NULL,138.0,0.0,0.0,NRB (D.M. 25/08/00 App. 1),NRB,M,877.0,0.0,0.0,Other Methodologies,OTH,E,NULL,NULL,0.0,NULL,NULL,NULL,KGM,KGM,KGM,KGM,NULL,KGM,IT,109,ITF,162,ITF4,1115,1134,NULL,2,2.(b),NULL,NULL,2.2,NULL,2,17,NULL,24,24.1,24.10,23,158,537,NULL,NULL,NULL,NULL,NULL,NULL,0,0
959784,ILVA S.P.A. Stabilimento di Taranto,7019,2007,CD AND COMPOUNDS,HEVMET,27,3,NULL,240.0,0.0,0.0,NRB (D.M. 25/08/00 App. 1),NRB,M,NULL,NULL,0.0,NULL,NULL,NULL,NULL,NULL,0.0,NULL,NULL,NULL,KGM,KGM,NULL,KGM,NULL,KGM,IT,109,ITF,162,ITF4,1115,1134,NULL,2,2.(b),NULL,NULL,2.2,NULL,2,17,NULL,24,24.1,24.10,23,158,537,NULL,NULL,NULL,NULL,NULL,NULL,0,0
959784,ILVA S.P.A. Stabilimento di Taranto,7019,2007,CR AND COMPOUNDS,HEVMET,28,3,NULL,570.0,0.0,0.0,NRB (D.M. 25/08/00 App. 1),NRB,M,10900.0,0.0,0.0,Other Methodologies,OTH,E,NULL,NULL,0.0,NULL,NULL,NULL,KGM,KGM,KGM,KGM,NULL,KGM,IT,109,ITF,162,ITF4,1115,1134,NULL,2,2.(b),NULL,NULL,2.2,NULL,2,17,NULL,24,24.1,24.10,23,158,537,NULL,NULL,NULL,NULL,NULL,NULL,0,0
959784,ILVA S.P.A. Stabilimento di Taranto,7019,2007,CU AND COMPOUNDS,HEVMET,29,3,NULL,2060.0,0.0,0.0,NRB (D.M. 25/08/00 App. 1),NRB,M,14900.0,0.0,0.0,Other Methodologies,OTH,E,NULL,NULL,0.0,NULL,NULL,NULL,KGM,KGM,KGM,KGM,NULL,KGM,IT,109,ITF,162,ITF4,1115,1134,NULL,2,2.(b),NULL,NULL,2.2,NULL,2,17,NULL,24,24.1,24.10,23,158,537,NULL,NULL,NULL,NULL,NULL,NULL,0,0
959784,ILVA S.P.A. Stabilimento di Taranto,7019,2007,HG AND COMPOUNDS,HEVMET,30,3,NULL,174.0,0.0,0.0,NRB (D.M. 25/08/00 App. 1),NRB,M,NULL,NULL,0.0,NULL,NULL,NULL,NULL,NULL,0.0,NULL,NULL,NULL,KGM,KGM,NULL,KGM,NULL,KGM,IT,109,ITF,162,ITF4,1115,1134,NULL,2,2.(b),NULL,NULL,2.2,NULL,2,17,NULL,24,24.1,24.10,23,158,537,NULL,NULL,NULL,NULL,NULL,NULL,0,0
959784,ILVA S.P.A. Stabilimento di Taranto,7019,2007,NI AND COMPOUNDS,HEVMET,31,3,NULL,616.0,0.0,0.0,NRB (D.M. 25/08/00 App. 1),NRB,M,8320.0,0.0,0.0,Other Methodologies,OTH,E,NULL,NULL,0.0,NULL,NULL,NULL,KGM,KGM,KGM,KGM,NULL,KGM,IT,109,ITF,162,ITF4,1115,1134,NULL,2,2.(b),NULL,NULL,2.2,NULL,2,17,NULL,24,24.1,24.10,23,158,537,NULL,NULL,NULL,NULL,NULL,NULL,0,0
959784,ILVA S.P.A. Stabilimento di Taranto,7019,2007,PB AND COMPOUNDS,HEVMET,32,3,NULL,297.0,0.0,0.0,NRB (D.M. 25/08/00 App. 1),NRB,M,910.0,0.0,0.0,Other Methodologies,OTH,E,NULL,NULL,0.0,NULL,NULL,NULL,KGM,KGM,KGM,KGM,NULL,KGM,IT,109,ITF,162,ITF4,1115,1134,NULL,2,2.(b),NULL,NULL,2.2,NULL,2,17,NULL,24,24.1,24.10,23,158,537,NULL,NULL,NULL,NULL,NULL,NULL,0,0
959784,ILVA S.P.A. Stabilimento di Taranto,7019,2007,ZN AND COMPOUNDS,HEVMET,33,3,NULL,39700.0,0.0,0.0,NRB (D.M. 25/08/00 App. 1),NRB,M,33800.0,0.0,0.0,Other Methodologies,OTH,E,NULL,NULL,0.0,NULL,NULL,NULL,KGM,KGM,KGM,KGM,NULL,KGM,IT,109,ITF,162,ITF4,1115,1134,NULL,2,2.(b),NULL,NULL,2.2,NULL,2,17,NULL,24,24.1,24.10,23,158,537,NULL,NULL,NULL,NULL,NULL,NULL,0,0
959784,ILVA S.P.A. Stabilimento di Taranto,7019,2007,PCDD+PCDF (DIOXINS+FURANS),CHLORG,63,5,NULL,0.0996,0.0,0.0,Other Methodologies,OTH,E,NULL,NULL,0.0,NULL,NULL,NULL,NULL,NULL,0.0,NULL,NULL,NULL,KGM,KGM,NULL,KGM,NULL,KGM,IT,109,ITF,162,ITF4,1115,1134,NULL,2,2.(b),NULL,NULL,2.2,NULL,2,17,NULL,24,24.1,24.10,23,158,537,NULL,NULL,NULL,NULL,NULL,NULL,0,0
959784,ILVA S.P.A. Stabilimento di Taranto,7019,2007,POLYCHLORINATED BIPHENYLS (PCBS),CHLORG,66,5,1336-36-3,31.4,0.0,0.0,UNI EN 1948-06,OTH,M,NULL,NULL,0.0,NULL,NULL,NULL,NULL,NULL,0.0,NULL,NULL,NULL,KGM,KGM,NULL,KGM,NULL,KGM,IT,109,ITF,162,ITF4,1115,1134,NULL,2,2.(b),NULL,NULL,2.2,NULL,2,17,NULL,24,24.1,24.10,23,158,537,NULL,NULL,NULL,NULL,NULL,NULL,0,0
959784,ILVA S.P.A. Stabilimento di Taranto,7019,2007,PHENOLS,OTHORG,83,6,108-95-2,NULL,NULL,0.0,NULL,NULL,NULL,12600.0,0.0,0.0,Other Methodologies,OTH,E,NULL,NULL,0.0,NULL,NULL,NULL,NULL,KGM,KGM,KGM,NULL,KGM,IT,109,ITF,162,ITF4,1115,1134,NULL,2,2.(b),NULL,NULL,2.2,NULL,2,17,NULL,24,24.1,24.10,23,158,537,NULL,NULL,NULL,NULL,NULL,NULL,0,0
959784,ILVA S.P.A. Stabilimento di Taranto,7019,2007,POLYCYCLIC AROMATIC HYDROCARBONS,OTHORG,84,6,NULL,1510.0,0.0,0.0,Other Methodologies,OTH,E,3320.0,0.0,0.0,Other Methodologies,OTH,E,NULL,NULL,0.0,NULL,NULL,NULL,KGM,KGM,KGM,KGM,NULL,KGM,IT,109,ITF,162,ITF4,1115,1134,NULL,2,2.(b),NULL,NULL,2.2,NULL,2,17,NULL,24,24.1,24.10,23,158,537,NULL,NULL,NULL,NULL,NULL,NULL,0,0
959784,ILVA S.P.A. Stabilimento di Taranto,7019,2007,TOTAL ORGANIC CARBON (TOC),OTHORG,85,6,NULL,NULL,NULL,0.0,NULL,NULL,NULL,1250000.0,0.0,0.0,Other Methodologies,OTH,E,NULL,NULL,0.0,NULL,NULL,NULL,NULL,KGM,KGM,KGM,NULL,KGM,IT,109,ITF,162,ITF4,1115,1134,NULL,2,2.(b),NULL,NULL,2.2,NULL,2,17,NULL,24,24.1,24.10,23,158,537,NULL,NULL,NULL,NULL,NULL,NULL,0,0
959784,ILVA S.P.A. Stabilimento di Taranto,7019,2007,BENZENE,OTHORG,89,6,71-43-2,15900.0,0.0,0.0,Other Methodologies,OTH,E,NULL,NULL,0.0,NULL,NULL,NULL,NULL,NULL,0.0,NULL,NULL,NULL,KGM,KGM,NULL,KGM,NULL,KGM,IT,109,ITF,162,ITF4,1115,1134,NULL,2,2.(b),NULL,NULL,2.2,NULL,2,17,NULL,24,24.1,24.10,23,158,537,NULL,NULL,NULL,NULL,NULL,NULL,0,0
959784,ILVA S.P.A. Stabilimento di Taranto,7019,2007,TOTAL - NITROGEN,INORG,93,7,NULL,NULL,NULL,0.0,NULL,NULL,NULL,2140000.0,0.0,0.0,Other Methodologies,OTH,E,NULL,NULL,0.0,NULL,NULL,NULL,NULL,KGM,KGM,KGM,NULL,KGM,IT,109,ITF,162,ITF4,1115,1134,NULL,2,2.(b),NULL,NULL,2.2,NULL,2,17,NULL,24,24.1,24.10,23,158,537,NULL,NULL,NULL,NULL,NULL,NULL,0,0
959784,ILVA S.P.A. Stabilimento di Taranto,7019,2007,TOTAL - PHOSPHORUS,INORG,94,7,NULL,NULL,NULL,0.0,NULL,NULL,NULL,16100.0,0.0,0.0,Other Methodologies,OTH,E,NULL,NULL,0.0,NULL,NULL,NULL,NULL,KGM,KGM,KGM,NULL,KGM,IT,109,ITF,162,ITF4,1115,1134,NULL,2,2.(b),NULL,NULL,2.2,NULL,2,17,NULL,24,24.1,24.10,23,158,537,NULL,NULL,NULL,NULL,NULL,NULL,0,0
959784,ILVA S.P.A. Stabilimento di Taranto,7019,2007,CYANIDES,INORG,97,7,NULL,NULL,NULL,0.0,NULL,NULL,NULL,41600.0,0.0,0.0,Other Methodologies,OTH,E,NULL,NULL,0.0,NULL,NULL,NULL,NULL,KGM,KGM,KGM,NULL,KGM,IT,109,ITF,162,ITF4,1115,1134,NULL,2,2.(b),NULL,NULL,2.2,NULL,2,17,NULL,24,24.1,24.10,23,158,537,NULL,NULL,NULL,NULL,NULL,NULL,0,0
959784,ILVA S.P.A. Stabilimento di Taranto,7019,2007,PM10,INORG,99,7,NULL,3510000.0,0.0,0.0,Other Methodologies,OTH,E,NULL,NULL,0.0,NULL,NULL,NULL,NULL,NULL,0.0,NULL,NULL,NULL,KGM,KGM,NULL,KGM,NULL,KGM,IT,109,ITF,162,ITF4,1115,1134,NULL,2,2.(b),NULL,NULL,2.2,NULL,2,17,NULL,24,24.1,24.10,23,158,537,NULL,NULL,NULL,NULL,NULL,NULL,0,0
6993,ILVA S.P.A. - ILVA S.P.A. Stabilimento di Taranto,7019,2004,CH4,GRHGAS,9,1,74-82-8,468000.0,0.0,0.0,NULL,NULL,E,NULL,NULL,0.0,NULL,NULL,NULL,NULL,NULL,0.0,NULL,NULL,NULL,KGM,KGM,NULL,KGM,NULL,KGM,IT,109,ITF,162,ITF4,1115,1134,NULL,EPER_2,EPER_2.1/2.2/2.3/2.4/2.5/2.6,NULL,NULL,NULL,NULL,85,94,NULL,NACE_1.1:D,NACE_1.1:DJ,NACE_1.1:27.10,972,997,1215,NULL,NULL,NULL,NULL,NULL,NULL,0,0
6993,ILVA S.P.A. - ILVA S.P.A. Stabilimento di Taranto,7019,2004,CO,OTHGAS,15,2,630-08-0,4.46E8,0.0,0.0,NULL,NULL,E,NULL,NULL,0.0,NULL,NULL,NULL,NULL,NULL,0.0,NULL,NULL,NULL,KGM,KGM,NULL,KGM,NULL,KGM,IT,109,ITF,162,ITF4,1115,1134,NULL,EPER_2,EPER_2.1/2.2/2.3/2.4/2.5/2.6,NULL,NULL,NULL,NULL,85,94,NULL,NACE_1.1:D,NACE_1.1:DJ,NACE_1.1:27.10,972,997,1215,NULL,NULL,NULL,NULL,NULL,NULL,0,0
6993,ILVA S.P.A. - ILVA S.P.A. Stabilimento di Taranto,7019,2004,NH3,OTHGAS,16,2,7664-41-7,25900.0,0.0,0.0,NULL,NULL,E,NULL,NULL,0.0,NULL,NULL,NULL,NULL,NULL,0.0,NULL,NULL,NULL,KGM,KGM,NULL,KGM,NULL,KGM,IT,109,ITF,162,ITF4,1115,1134,NULL,EPER_2,EPER_2.1/2.2/2.3/2.4/2.5/2.6,NULL,NULL,NULL,NULL,85,94,NULL,NACE_1.1:D,NACE_1.1:DJ,NACE_1.1:27.10,972,997,1215,NULL,NULL,NULL,NULL,NULL,NULL,0,0
6993,ILVA S.P.A. - ILVA S.P.A. Stabilimento di Taranto,7019,2004,NMVOC,OTHGAS,17,2,NULL,1500000.0,0.0,0.0,NULL,NULL,E,NULL,NULL,0.0,NULL,NULL,NULL,NULL,NULL,0.0,NULL,NULL,NULL,KGM,KGM,NULL,KGM,NULL,KGM,IT,109,ITF,162,ITF4,1115,1134,NULL,EPER_2,EPER_2.1/2.2/2.3/2.4/2.5/2.6,NULL,NULL,NULL,NULL,85,94,NULL,NACE_1.1:D,NACE_1.1:DJ,NACE_1.1:27.10,972,997,1215,NULL,NULL,NULL,NULL,NULL,NULL,0,0
6993,ILVA S.P.A. - ILVA S.P.A. Stabilimento di Taranto,7019,2004,NOX,OTHGAS,18,2,NULL,2.78E7,0.0,0.0,NULL,NULL,E,NULL,NULL,0.0,NULL,NULL,NULL,NULL,NULL,0.0,NULL,NULL,NULL,KGM,KGM,NULL,KGM,NULL,KGM,IT,109,ITF,162,ITF4,1115,1134,NULL,EPER_2,EPER_2.1/2.2/2.3/2.4/2.5/2.6,NULL,NULL,NULL,NULL,85,94,NULL,NACE_1.1:D,NACE_1.1:DJ,NACE_1.1:27.10,972,997,1215,NULL,NULL,NULL,NULL,NULL,NULL,0,0
6993,ILVA S.P.A. - ILVA S.P.A. Stabilimento di Taranto,7019,2004,SOX,OTHGAS,19,2,NULL,4.06E7,0.0,0.0,NULL,NULL,E,NULL,NULL,0.0,NULL,NULL,NULL,NULL,NULL,0.0,NULL,NULL,NULL,KGM,KGM,NULL,KGM,NULL,KGM,IT,109,ITF,162,ITF4,1115,1134,NULL,EPER_2,EPER_2.1/2.2/2.3/2.4/2.5/2.6,NULL,NULL,NULL,NULL,85,94,NULL,NACE_1.1:D,NACE_1.1:DJ,NACE_1.1:27.10,972,997,1215,NULL,NULL,NULL,NULL,NULL,NULL,0,0
6993,ILVA S.P.A. - ILVA S.P.A. Stabilimento di Taranto,7019,2004,CHLORINE AND INORGANIC COMPOUNDS,OTHGAS,23,2,NULL,754000.0,0.0,0.0,NULL,NULL,E,NULL,NULL,0.0,NULL,NULL,NULL,NULL,NULL,0.0,NULL,NULL,NULL,KGM,KGM,NULL,KGM,NULL,KGM,IT,109,ITF,162,ITF4,1115,1134,NULL,EPER_2,EPER_2.1/2.2/2.3/2.4/2.5/2.6,NULL,NULL,NULL,NULL,85,94,NULL,NACE_1.1:D,NACE_1.1:DJ,NACE_1.1:27.10,972,997,1215,NULL,NULL,NULL,NULL,NULL,NULL,0,0
6993,ILVA S.P.A. - ILVA S.P.A. Stabilimento di Taranto,7019,2004,FLUORINE AND INORGANIC COMPOUNDS,OTHGAS,24,2,NULL,434000.0,0.0,0.0,NULL,NULL,E,NULL,NULL,0.0,NULL,NULL,NULL,NULL,NULL,0.0,NULL,NULL,NULL,KGM,KGM,NULL,KGM,NULL,KGM,IT,109,ITF,162,ITF4,1115,1134,NULL,EPER_2,EPER_2.1/2.2/2.3/2.4/2.5/2.6,NULL,NULL,NULL,NULL,85,94,NULL,NACE_1.1:D,NACE_1.1:DJ,NACE_1.1:27.10,972,997,1215,NULL,NULL,NULL,NULL,NULL,NULL,0,0
6993,ILVA S.P.A. - ILVA S.P.A. Stabilimento di Taranto,7019,2004,HCN,OTHGAS,25,2,74-90-8,3040.0,0.0,0.0,NULL,NULL,E,NULL,NULL,0.0,NULL,NULL,NULL,NULL,NULL,0.0,NULL,NULL,NULL,KGM,KGM,NULL,KGM,NULL,KGM,IT,109,ITF,162,ITF4,1115,1134,NULL,EPER_2,EPER_2.1/2.2/2.3/2.4/2.5/2.6,NULL,NULL,NULL,NULL,85,94,NULL,NACE_1.1:D,NACE_1.1:DJ,NACE_1.1:27.10,972,997,1215,NULL,NULL,NULL,NULL,NULL,NULL,0,0
6993,ILVA S.P.A. - ILVA S.P.A. Stabilimento di Taranto,7019,2004,AS AND COMPOUNDS,HEVMET,26,3,NULL,NULL,NULL,0.0,NULL,NULL,NULL,1090.0,0.0,0.0,NULL,NULL,E,NULL,NULL,0.0,NULL,NULL,NULL,NULL,KGM,KGM,KGM,NULL,KGM,IT,109,ITF,162,ITF4,1115,1134,NULL,EPER_2,EPER_2.1/2.2/2.3/2.4/2.5/2.6,NULL,NULL,NULL,NULL,85,94,NULL,NACE_1.1:D,NACE_1.1:DJ,NACE_1.1:27.10,972,997,1215,NULL,NULL,NULL,NULL,NULL,NULL,0,0
6993,ILVA S.P.A. - ILVA S.P.A. Stabilimento di Taranto,7019,2004,CD AND COMPOUNDS,HEVMET,27,3,NULL,305.0,0.0,0.0,NULL,NULL,E,384.0,0.0,0.0,NULL,NULL,E,NULL,NULL,0.0,NULL,NULL,NULL,KGM,KGM,KGM,KGM,NULL,KGM,IT,109,ITF,162,ITF4,1115,1134,NULL,EPER_2,EPER_2.1/2.2/2.3/2.4/2.5/2.6,NULL,NULL,NULL,NULL,85,94,NULL,NACE_1.1:D,NACE_1.1:DJ,NACE_1.1:27.10,972,997,1215,NULL,NULL,NULL,NULL,NULL,NULL,0,0
6993,ILVA S.P.A. - ILVA S.P.A. Stabilimento di Taranto,7019,2004,CR AND COMPOUNDS,HEVMET,28,3,NULL,3160.0,0.0,0.0,NULL,NULL,E,26200.0,0.0,0.0,NULL,NULL,E,NULL,NULL,0.0,NULL,NULL,NULL,KGM,KGM,KGM,KGM,NULL,KGM,IT,109,ITF,162,ITF4,1115,1134,NULL,EPER_2,EPER_2.1/2.2/2.3/2.4/2.5/2.6,NULL,NULL,NULL,NULL,85,94,NULL,NACE_1.1:D,NACE_1.1:DJ,NACE_1.1:27.10,972,997,1215,NULL,NULL,NULL,NULL,NULL,NULL,0,0
6993,ILVA S.P.A. - ILVA S.P.A. Stabilimento di Taranto,7019,2004,CU AND COMPOUNDS,HEVMET,29,3,NULL,1520.0,0.0,0.0,NULL,NULL,E,12200.0,0.0,0.0,NULL,NULL,E,NULL,NULL,0.0,NULL,NULL,NULL,KGM,KGM,KGM,KGM,NULL,KGM,IT,109,ITF,162,ITF4,1115,1134,NULL,EPER_2,EPER_2.1/2.2/2.3/2.4/2.5/2.6,NULL,NULL,NULL,NULL,85,94,NULL,NACE_1.1:D,NACE_1.1:DJ,NACE_1.1:27.10,972,997,1215,NULL,NULL,NULL,NULL,NULL,NULL,0,0
6993,ILVA S.P.A. - ILVA S.P.A. Stabilimento di Taranto,7019,2004,HG AND COMPOUNDS,HEVMET,30,3,NULL,1140.0,0.0,0.0,NULL,NULL,E,640.0,0.0,0.0,NULL,NULL,E,NULL,NULL,0.0,NULL,NULL,NULL,KGM,KGM,KGM,KGM,NULL,KGM,IT,109,ITF,162,ITF4,1115,1134,NULL,EPER_2,EPER_2.1/2.2/2.3/2.4/2.5/2.6,NULL,NULL,NULL,NULL,85,94,NULL,NACE_1.1:D,NACE_1.1:DJ,NACE_1.1:27.10,972,997,1215,NULL,NULL,NULL,NULL,NULL,NULL,0,0
6993,ILVA S.P.A. - ILVA S.P.A. Stabilimento di Taranto,7019,2004,NI AND COMPOUNDS,HEVMET,31,3,NULL,461.0,0.0,0.0,NULL,NULL,E,4380.0,0.0,0.0,NULL,NULL,E,NULL,NULL,0.0,NULL,NULL,NULL,KGM,KGM,KGM,KGM,NULL,KGM,IT,109,ITF,162,ITF4,1115,1134,NULL,EPER_2,EPER_2.1/2.2/2.3/2.4/2.5/2.6,NULL,NULL,NULL,NULL,85,94,NULL,NACE_1.1:D,NACE_1.1:DJ,NACE_1.1:27.10,972,997,1215,NULL,NULL,NULL,NULL,NULL,NULL,0,0
6993,ILVA S.P.A. - ILVA S.P.A. Stabilimento di Taranto,7019,2004,PB AND COMPOUNDS,HEVMET,32,3,NULL,61100.0,0.0,0.0,NULL,NULL,E,4090.0,0.0,0.0,NULL,NULL,E,NULL,NULL,0.0,NULL,NULL,NULL,KGM,KGM,KGM,KGM,NULL,KGM,IT,109,ITF,162,ITF4,1115,1134,NULL,EPER_2,EPER_2.1/2.2/2.3/2.4/2.5/2.6,NULL,NULL,NULL,NULL,85,94,NULL,NACE_1.1:D,NACE_1.1:DJ,NACE_1.1:27.10,972,997,1215,NULL,NULL,NULL,NULL,NULL,NULL,0,0
6993,ILVA S.P.A. - ILVA S.P.A. Stabilimento di Taranto,7019,2004,ZN AND COMPOUNDS,HEVMET,33,3,NULL,13700.0,0.0,0.0,NULL,NULL,E,57900.0,0.0,0.0,NULL,NULL,E,NULL,NULL,0.0,NULL,NULL,NULL,KGM,KGM,KGM,KGM,NULL,KGM,IT,109,ITF,162,ITF4,1115,1134,NULL,EPER_2,EPER_2.1/2.2/2.3/2.4/2.5/2.6,NULL,NULL,NULL,NULL,85,94,NULL,NACE_1.1:D,NACE_1.1:DJ,NACE_1.1:27.10,972,997,1215,NULL,NULL,NULL,NULL,NULL,NULL,0,0
6993,ILVA S.P.A. - ILVA S.P.A. Stabilimento di Taranto,7019,2004,PCDD+PCDF (DIOXINS+FURANS),CHLORG,63,5,NULL,0.0762,0.0,0.0,NULL,NULL,E,NULL,NULL,0.0,NULL,NULL,NULL,NULL,NULL,0.0,NULL,NULL,NULL,KGM,KGM,NULL,KGM,NULL,KGM,IT,109,ITF,162,ITF4,1115,1134,NULL,EPER_2,EPER_2.1/2.2/2.3/2.4/2.5/2.6,NULL,NULL,NULL,NULL,85,94,NULL,NACE_1.1:D,NACE_1.1:DJ,NACE_1.1:27.10,972,997,1215,NULL,NULL,NULL,NULL,NULL,NULL,0,0
6993,ILVA S.P.A. - ILVA S.P.A. Stabilimento di Taranto,7019,2004,PHENOLS,OTHORG,83,6,108-95-2,NULL,NULL,0.0,NULL,NULL,NULL,15200.0,0.0,0.0,NULL,NULL,E,NULL,NULL,0.0,NULL,NULL,NULL,NULL,KGM,KGM,KGM,NULL,KGM,IT,109,ITF,162,ITF4,1115,1134,NULL,EPER_2,EPER_2.1/2.2/2.3/2.4/2.5/2.6,NULL,NULL,NULL,NULL,85,94,NULL,NACE_1.1:D,NACE_1.1:DJ,NACE_1.1:27.10,972,997,1215,NULL,NULL,NULL,NULL,NULL,NULL,0,0
6993,ILVA S.P.A. - ILVA S.P.A. Stabilimento di Taranto,7019,2004,TOTAL ORGANIC CARBON (TOC),OTHORG,85,6,NULL,NULL,NULL,0.0,NULL,NULL,NULL,979000.0,0.0,0.0,NULL,NULL,E,NULL,NULL,0.0,NULL,NULL,NULL,NULL,KGM,KGM,KGM,NULL,KGM,IT,109,ITF,162,ITF4,1115,1134,NULL,EPER_2,EPER_2.1/2.2/2.3/2.4/2.5/2.6,NULL,NULL,NULL,NULL,85,94,NULL,NACE_1.1:D,NACE_1.1:DJ,NACE_1.1:27.10,972,997,1215,NULL,NULL,NULL,NULL,NULL,NULL,0,0
6993,ILVA S.P.A. - ILVA S.P.A. Stabilimento di Taranto,7019,2004,BENZENE,OTHORG,89,6,71-43-2,183000.0,0.0,0.0,NULL,NULL,E,NULL,NULL,0.0,NULL,NULL,NULL,NULL,NULL,0.0,NULL,NULL,NULL,KGM,KGM,NULL,KGM,NULL,KGM,IT,109,ITF,162,ITF4,1115,1134,NULL,EPER_2,EPER_2.1/2.2/2.3/2.4/2.5/2.6,NULL,NULL,NULL,NULL,85,94,NULL,NACE_1.1:D,NACE_1.1:DJ,NACE_1.1:27.10,972,997,1215,NULL,NULL,NULL,NULL,NULL,NULL,0,0
6993,ILVA S.P.A. - ILVA S.P.A. Stabilimento di Taranto,7019,2004,TOTAL - NITROGEN,INORG,93,7,NULL,NULL,NULL,0.0,NULL,NULL,NULL,2150000.0,0.0,0.0,NULL,NULL,E,NULL,NULL,0.0,NULL,NULL,NULL,NULL,KGM,KGM,KGM,NULL,KGM,IT,109,ITF,162,ITF4,1115,1134,NULL,EPER_2,EPER_2.1/2.2/2.3/2.4/2.5/2.6,NULL,NULL,NULL,NULL,85,94,NULL,NACE_1.1:D,NACE_1.1:DJ,NACE_1.1:27.10,972,997,1215,NULL,NULL,NULL,NULL,NULL,NULL,0,0
6993,ILVA S.P.A. - ILVA S.P.A. Stabilimento di Taranto,7019,2004,TOTAL - PHOSPHORUS,INORG,94,7,NULL,NULL,NULL,0.0,NULL,NULL,NULL,26500.0,0.0,0.0,NULL,NULL,E,NULL,NULL,0.0,NULL,NULL,NULL,NULL,KGM,KGM,KGM,NULL,KGM,IT,109,ITF,162,ITF4,1115,1134,NULL,EPER_2,EPER_2.1/2.2/2.3/2.4/2.5/2.6,NULL,NULL,NULL,NULL,85,94,NULL,NACE_1.1:D,NACE_1.1:DJ,NACE_1.1:27.10,972,997,1215,NULL,NULL,NULL,NULL,NULL,NULL,0,0
6993,ILVA S.P.A. - ILVA S.P.A. Stabilimento di Taranto,7019,2004,CYANIDES,INORG,97,7,NULL,NULL,NULL,0.0,NULL,NULL,NULL,32000.0,0.0,0.0,NULL,NULL,E,NULL,NULL,0.0,NULL,NULL,NULL,NULL,KGM,KGM,KGM,NULL,KGM,IT,109,ITF,162,ITF4,1115,1134,NULL,EPER_2,EPER_2.1/2.2/2.3/2.4/2.5/2.6,NULL,NULL,NULL,NULL,85,94,NULL,NACE_1.1:D,NACE_1.1:DJ,NACE_1.1:27.10,972,997,1215,NULL,NULL,NULL,NULL,NULL,NULL,0,0
6993,ILVA S.P.A. - ILVA S.P.A. Stabilimento di Taranto,7019,2004,PAHs in EPER,OTHORG,100,6,NULL,25800.0,0.0,0.0,NULL,NULL,E,2560.0,0.0,0.0,NULL,NULL,E,NULL,NULL,0.0,NULL,NULL,NULL,KGM,KGM,KGM,KGM,NULL,KGM,IT,109,ITF,162,ITF4,1115,1134,NULL,EPER_2,EPER_2.1/2.2/2.3/2.4/2.5/2.6,NULL,NULL,NULL,NULL,85,94,NULL,NACE_1.1:D,NACE_1.1:DJ,NACE_1.1:27.10,972,997,1215,NULL,NULL,NULL,NULL,NULL,NULL,0,0
6993,ILVA S.P.A. - ILVA S.P.A. Stabilimento di Taranto,7019,2004,CO2 in EPER,GRHGAS,102,1,124-38-9,9.56E9,0.0,0.0,NULL,NULL,E,NULL,NULL,0.0,NULL,NULL,NULL,NULL,NULL,0.0,NULL,NULL,NULL,KGM,KGM,NULL,KGM,NULL,KGM,IT,109,ITF,162,ITF4,1115,1134,NULL,EPER_2,EPER_2.1/2.2/2.3/2.4/2.5/2.6,NULL,NULL,NULL,NULL,85,94,NULL,NACE_1.1:D,NACE_1.1:DJ,NACE_1.1:27.10,972,997,1215,NULL,NULL,NULL,NULL,NULL,NULL,0,0
6314,ILVA S.P.A. - ILVA S.P.A. Stabilimento di Taranto,7019,2001,CH4,GRHGAS,9,1,74-82-8,482000.0,0.0,0.0,NULL,NULL,E,NULL,NULL,0.0,NULL,NULL,NULL,NULL,NULL,0.0,NULL,NULL,NULL,KGM,KGM,NULL,KGM,NULL,KGM,IT,109,ITF,162,ITF4,1115,1134,NULL,EPER_2,EPER_2.1/2.2/2.3/2.4/2.5/2.6,NULL,NULL,NULL,NULL,85,94,NULL,NACE_1.1:D,NACE_1.1:DJ,NACE_1.1:27.10,972,997,1215,NULL,NULL,NULL,NULL,NULL,NULL,0,0
6314,ILVA S.P.A. - ILVA S.P.A. Stabilimento di Taranto,7019,2001,CO,OTHGAS,15,2,630-08-0,4.05E8,0.0,0.0,NULL,NULL,E,NULL,NULL,0.0,NULL,NULL,NULL,NULL,NULL,0.0,NULL,NULL,NULL,KGM,KGM,NULL,KGM,NULL,KGM,IT,109,ITF,162,ITF4,1115,1134,NULL,EPER_2,EPER_2.1/2.2/2.3/2.4/2.5/2.6,NULL,NULL,NULL,NULL,85,94,NULL,NACE_1.1:D,NACE_1.1:DJ,NACE_1.1:27.10,972,997,1215,NULL,NULL,NULL,NULL,NULL,NULL,0,0
6314,ILVA S.P.A. - ILVA S.P.A. Stabilimento di Taranto,7019,2001,NH3,OTHGAS,16,2,7664-41-7,26600.0,0.0,0.0,NULL,NULL,E,NULL,NULL,0.0,NULL,NULL,NULL,NULL,NULL,0.0,NULL,NULL,NULL,KGM,KGM,NULL,KGM,NULL,KGM,IT,109,ITF,162,ITF4,1115,1134,NULL,EPER_2,EPER_2.1/2.2/2.3/2.4/2.5/2.6,NULL,NULL,NULL,NULL,85,94,NULL,NACE_1.1:D,NACE_1.1:DJ,NACE_1.1:27.10,972,997,1215,NULL,NULL,NULL,NULL,NULL,NULL,0,0
6314,ILVA S.P.A. - ILVA S.P.A. Stabilimento di Taranto,7019,2001,NMVOC,OTHGAS,17,2,NULL,1160000.0,0.0,0.0,NULL,NULL,E,NULL,NULL,0.0,NULL,NULL,NULL,NULL,NULL,0.0,NULL,NULL,NULL,KGM,KGM,NULL,KGM,NULL,KGM,IT,109,ITF,162,ITF4,1115,1134,NULL,EPER_2,EPER_2.1/2.2/2.3/2.4/2.5/2.6,NULL,NULL,NULL,NULL,85,94,NULL,NACE_1.1:D,NACE_1.1:DJ,NACE_1.1:27.10,972,997,1215,NULL,NULL,NULL,NULL,NULL,NULL,0,0
6314,ILVA S.P.A. - ILVA S.P.A. Stabilimento di Taranto,7019,2001,NOX,OTHGAS,18,2,NULL,2.52E7,0.0,0.0,NULL,NULL,E,NULL,NULL,0.0,NULL,NULL,NULL,NULL,NULL,0.0,NULL,NULL,NULL,KGM,KGM,NULL,KGM,NULL,KGM,IT,109,ITF,162,ITF4,1115,1134,NULL,EPER_2,EPER_2.1/2.2/2.3/2.4/2.5/2.6,NULL,NULL,NULL,NULL,85,94,NULL,NACE_1.1:D,NACE_1.1:DJ,NACE_1.1:27.10,972,997,1215,NULL,NULL,NULL,NULL,NULL,NULL,0,0
6314,ILVA S.P.A. - ILVA S.P.A. Stabilimento di Taranto,7019,2001,SOX,OTHGAS,19,2,NULL,3.8E7,0.0,0.0,NULL,NULL,E,NULL,NULL,0.0,NULL,NULL,NULL,NULL,NULL,0.0,NULL,NULL,NULL,KGM,KGM,NULL,KGM,NULL,KGM,IT,109,ITF,162,ITF4,1115,1134,NULL,EPER_2,EPER_2.1/2.2/2.3/2.4/2.5/2.6,NULL,NULL,NULL,NULL,85,94,NULL,NACE_1.1:D,NACE_1.1:DJ,NACE_1.1:27.10,972,997,1215,NULL,NULL,NULL,NULL,NULL,NULL,0,0
6314,ILVA S.P.A. - ILVA S.P.A. Stabilimento di Taranto,7019,2001,CHLORINE AND INORGANIC COMPOUNDS,OTHGAS,23,2,NULL,708000.0,0.0,0.0,NULL,NULL,E,NULL,NULL,0.0,NULL,NULL,NULL,NULL,NULL,0.0,NULL,NULL,NULL,KGM,KGM,NULL,KGM,NULL,KGM,IT,109,ITF,162,ITF4,1115,1134,NULL,EPER_2,EPER_2.1/2.2/2.3/2.4/2.5/2.6,NULL,NULL,NULL,NULL,85,94,NULL,NACE_1.1:D,NACE_1.1:DJ,NACE_1.1:27.10,972,997,1215,NULL,NULL,NULL,NULL,NULL,NULL,0,0
6314,ILVA S.P.A. - ILVA S.P.A. Stabilimento di Taranto,7019,2001,FLUORINE AND INORGANIC COMPOUNDS,OTHGAS,24,2,NULL,407000.0,0.0,0.0,NULL,NULL,E,NULL,NULL,0.0,NULL,NULL,NULL,NULL,NULL,0.0,NULL,NULL,NULL,KGM,KGM,NULL,KGM,NULL,KGM,IT,109,ITF,162,ITF4,1115,1134,NULL,EPER_2,EPER_2.1/2.2/2.3/2.4/2.5/2.6,NULL,NULL,NULL,NULL,85,94,NULL,NACE_1.1:D,NACE_1.1:DJ,NACE_1.1:27.10,972,997,1215,NULL,NULL,NULL,NULL,NULL,NULL,0,0
6314,ILVA S.P.A. - ILVA S.P.A. Stabilimento di Taranto,7019,2001,HCN,OTHGAS,25,2,74-90-8,3130.0,0.0,0.0,NULL,NULL,E,NULL,NULL,0.0,NULL,NULL,NULL,NULL,NULL,0.0,NULL,NULL,NULL,KGM,KGM,NULL,KGM,NULL,KGM,IT,109,ITF,162,ITF4,1115,1134,NULL,EPER_2,EPER_2.1/2.2/2.3/2.4/2.5/2.6,NULL,NULL,NULL,NULL,85,94,NULL,NACE_1.1:D,NACE_1.1:DJ,NACE_1.1:27.10,972,997,1215,NULL,NULL,NULL,NULL,NULL,NULL,0,0
6314,ILVA S.P.A. - ILVA S.P.A. Stabilimento di Taranto,7019,2001,AS AND COMPOUNDS,HEVMET,26,3,NULL,NULL,NULL,0.0,NULL,NULL,NULL,118.0,0.0,0.0,NULL,NULL,E,NULL,NULL,0.0,NULL,NULL,NULL,NULL,KGM,KGM,KGM,NULL,KGM,IT,109,ITF,162,ITF4,1115,1134,NULL,EPER_2,EPER_2.1/2.2/2.3/2.4/2.5/2.6,NULL,NULL,NULL,NULL,85,94,NULL,NACE_1.1:D,NACE_1.1:DJ,NACE_1.1:27.10,972,997,1215,NULL,NULL,NULL,NULL,NULL,NULL,0,0
6314,ILVA S.P.A. - ILVA S.P.A. Stabilimento di Taranto,7019,2001,CD AND COMPOUNDS,HEVMET,27,3,NULL,285.0,0.0,0.0,NULL,NULL,E,1180.0,0.0,0.0,NULL,NULL,E,NULL,NULL,0.0,NULL,NULL,NULL,KGM,KGM,KGM,KGM,NULL,KGM,IT,109,ITF,162,ITF4,1115,1134,NULL,EPER_2,EPER_2.1/2.2/2.3/2.4/2.5/2.6,NULL,NULL,NULL,NULL,85,94,NULL,NACE_1.1:D,NACE_1.1:DJ,NACE_1.1:27.10,972,997,1215,NULL,NULL,NULL,NULL,NULL,NULL,0,0
6314,ILVA S.P.A. - ILVA S.P.A. Stabilimento di Taranto,7019,2001,CR AND COMPOUNDS,HEVMET,28,3,NULL,2670.0,0.0,0.0,NULL,NULL,E,59100.0,0.0,0.0,NULL,NULL,E,NULL,NULL,0.0,NULL,NULL,NULL,KGM,KGM,KGM,KGM,NULL,KGM,IT,109,ITF,162,ITF4,1115,1134,NULL,EPER_2,EPER_2.1/2.2/2.3/2.4/2.5/2.6,NULL,NULL,NULL,NULL,85,94,NULL,NACE_1.1:D,NACE_1.1:DJ,NACE_1.1:27.10,972,997,1215,NULL,NULL,NULL,NULL,NULL,NULL,0,0
6314,ILVA S.P.A. - ILVA S.P.A. Stabilimento di Taranto,7019,2001,CU AND COMPOUNDS,HEVMET,29,3,NULL,1400.0,0.0,0.0,NULL,NULL,E,4120.0,0.0,0.0,NULL,NULL,E,NULL,NULL,0.0,NULL,NULL,NULL,KGM,KGM,KGM,KGM,NULL,KGM,IT,109,ITF,162,ITF4,1115,1134,NULL,EPER_2,EPER_2.1/2.2/2.3/2.4/2.5/2.6,NULL,NULL,NULL,NULL,85,94,NULL,NACE_1.1:D,NACE_1.1:DJ,NACE_1.1:27.10,972,997,1215,NULL,NULL,NULL,NULL,NULL,NULL,0,0
6314,ILVA S.P.A. - ILVA S.P.A. Stabilimento di Taranto,7019,2001,HG AND COMPOUNDS,HEVMET,30,3,NULL,1060.0,0.0,0.0,NULL,NULL,E,118.0,0.0,0.0,NULL,NULL,E,NULL,NULL,0.0,NULL,NULL,NULL,KGM,KGM,KGM,KGM,NULL,KGM,IT,109,ITF,162,ITF4,1115,1134,NULL,EPER_2,EPER_2.1/2.2/2.3/2.4/2.5/2.6,NULL,NULL,NULL,NULL,85,94,NULL,NACE_1.1:D,NACE_1.1:DJ,NACE_1.1:27.10,972,997,1215,NULL,NULL,NULL,NULL,NULL,NULL,0,0
6314,ILVA S.P.A. - ILVA S.P.A. Stabilimento di Taranto,7019,2001,NI AND COMPOUNDS,HEVMET,31,3,NULL,421.0,0.0,0.0,NULL,NULL,E,591.0,0.0,0.0,NULL,NULL,E,NULL,NULL,0.0,NULL,NULL,NULL,KGM,KGM,KGM,KGM,NULL,KGM,IT,109,ITF,162,ITF4,1115,1134,NULL,EPER_2,EPER_2.1/2.2/2.3/2.4/2.5/2.6,NULL,NULL,NULL,NULL,85,94,NULL,NACE_1.1:D,NACE_1.1:DJ,NACE_1.1:27.10,972,997,1215,NULL,NULL,NULL,NULL,NULL,NULL,0,0
6314,ILVA S.P.A. - ILVA S.P.A. Stabilimento di Taranto,7019,2001,PB AND COMPOUNDS,HEVMET,32,3,NULL,56500.0,0.0,0.0,NULL,NULL,E,1180.0,0.0,0.0,NULL,NULL,E,NULL,NULL,0.0,NULL,NULL,NULL,KGM,KGM,KGM,KGM,NULL,KGM,IT,109,ITF,162,ITF4,1115,1134,NULL,EPER_2,EPER_2.1/2.2/2.3/2.4/2.5/2.6,NULL,NULL,NULL,NULL,85,94,NULL,NACE_1.1:D,NACE_1.1:DJ,NACE_1.1:27.10,972,997,1215,NULL,NULL,NULL,NULL,NULL,NULL,0,0
6314,ILVA S.P.A. - ILVA S.P.A. Stabilimento di Taranto,7019,2001,ZN AND COMPOUNDS,HEVMET,33,3,NULL,12800.0,0.0,0.0,NULL,NULL,E,40700.0,0.0,0.0,NULL,NULL,E,NULL,NULL,0.0,NULL,NULL,NULL,KGM,KGM,KGM,KGM,NULL,KGM,IT,109,ITF,162,ITF4,1115,1134,NULL,EPER_2,EPER_2.1/2.2/2.3/2.4/2.5/2.6,NULL,NULL,NULL,NULL,85,94,NULL,NACE_1.1:D,NACE_1.1:DJ,NACE_1.1:27.10,972,997,1215,NULL,NULL,NULL,NULL,NULL,NULL,0,0
6314,ILVA S.P.A. - ILVA S.P.A. Stabilimento di Taranto,7019,2001,PCDD+PCDF (DIOXINS+FURANS),CHLORG,63,5,NULL,0.0714,0.0,0.0,NULL,NULL,E,NULL,NULL,0.0,NULL,NULL,NULL,NULL,NULL,0.0,NULL,NULL,NULL,KGM,KGM,NULL,KGM,NULL,KGM,IT,109,ITF,162,ITF4,1115,1134,NULL,EPER_2,EPER_2.1/2.2/2.3/2.4/2.5/2.6,NULL,NULL,NULL,NULL,85,94,NULL,NACE_1.1:D,NACE_1.1:DJ,NACE_1.1:27.10,972,997,1215,NULL,NULL,NULL,NULL,NULL,NULL,0,0
6314,ILVA S.P.A. - ILVA S.P.A. Stabilimento di Taranto,7019,2001,PHENOLS,OTHORG,83,6,108-95-2,NULL,NULL,0.0,NULL,NULL,NULL,2370.0,0.0,0.0,NULL,NULL,E,NULL,NULL,0.0,NULL,NULL,NULL,NULL,KGM,KGM,KGM,NULL,KGM,IT,109,ITF,162,ITF4,1115,1134,NULL,EPER_2,EPER_2.1/2.2/2.3/2.4/2.5/2.6,NULL,NULL,NULL,NULL,85,94,NULL,NACE_1.1:D,NACE_1.1:DJ,NACE_1.1:27.10,972,997,1215,NULL,NULL,NULL,NULL,NULL,NULL,0,0
6314,ILVA S.P.A. - ILVA S.P.A. Stabilimento di Taranto,7019,2001,TOTAL ORGANIC CARBON (TOC),OTHORG,85,6,NULL,NULL,NULL,0.0,NULL,NULL,NULL,991000.0,0.0,0.0,NULL,NULL,E,NULL,NULL,0.0,NULL,NULL,NULL,NULL,KGM,KGM,KGM,NULL,KGM,IT,109,ITF,162,ITF4,1115,1134,NULL,EPER_2,EPER_2.1/2.2/2.3/2.4/2.5/2.6,NULL,NULL,NULL,NULL,85,94,NULL,NACE_1.1:D,NACE_1.1:DJ,NACE_1.1:27.10,972,997,1215,NULL,NULL,NULL,NULL,NULL,NULL,0,0
6314,ILVA S.P.A. - ILVA S.P.A. Stabilimento di Taranto,7019,2001,BENZENE,OTHORG,89,6,71-43-2,188000.0,0.0,0.0,NULL,NULL,E,NULL,NULL,0.0,NULL,NULL,NULL,NULL,NULL,0.0,NULL,NULL,NULL,KGM,KGM,NULL,KGM,NULL,KGM,IT,109,ITF,162,ITF4,1115,1134,NULL,EPER_2,EPER_2.1/2.2/2.3/2.4/2.5/2.6,NULL,NULL,NULL,NULL,85,94,NULL,NACE_1.1:D,NACE_1.1:DJ,NACE_1.1:27.10,972,997,1215,NULL,NULL,NULL,NULL,NULL,NULL,0,0
6314,ILVA S.P.A. - ILVA S.P.A. Stabilimento di Taranto,7019,2001,TOTAL - NITROGEN,INORG,93,7,NULL,NULL,NULL,0.0,NULL,NULL,NULL,3130000.0,0.0,0.0,NULL,NULL,E,NULL,NULL,0.0,NULL,NULL,NULL,NULL,KGM,KGM,KGM,NULL,KGM,IT,109,ITF,162,ITF4,1115,1134,NULL,EPER_2,EPER_2.1/2.2/2.3/2.4/2.5/2.6,NULL,NULL,NULL,NULL,85,94,NULL,NACE_1.1:D,NACE_1.1:DJ,NACE_1.1:27.10,972,997,1215,NULL,NULL,NULL,NULL,NULL,NULL,0,0
6314,ILVA S.P.A. - ILVA S.P.A. Stabilimento di Taranto,7019,2001,TOTAL - PHOSPHORUS,INORG,94,7,NULL,NULL,NULL,0.0,NULL,NULL,NULL,55000.0,0.0,0.0,NULL,NULL,E,NULL,NULL,0.0,NULL,NULL,NULL,NULL,KGM,KGM,KGM,NULL,KGM,IT,109,ITF,162,ITF4,1115,1134,NULL,EPER_2,EPER_2.1/2.2/2.3/2.4/2.5/2.6,NULL,NULL,NULL,NULL,85,94,NULL,NACE_1.1:D,NACE_1.1:DJ,NACE_1.1:27.10,972,997,1215,NULL,NULL,NULL,NULL,NULL,NULL,0,0
6314,ILVA S.P.A. - ILVA S.P.A. Stabilimento di Taranto,7019,2001,CYANIDES,INORG,97,7,NULL,NULL,NULL,0.0,NULL,NULL,NULL,11800.0,0.0,0.0,NULL,NULL,E,NULL,NULL,0.0,NULL,NULL,NULL,NULL,KGM,KGM,KGM,NULL,KGM,IT,109,ITF,162,ITF4,1115,1134,NULL,EPER_2,EPER_2.1/2.2/2.3/2.4/2.5/2.6,NULL,NULL,NULL,NULL,85,94,NULL,NACE_1.1:D,NACE_1.1:DJ,NACE_1.1:27.10,972,997,1215,NULL,NULL,NULL,NULL,NULL,NULL,0,0
6314,ILVA S.P.A. - ILVA S.P.A. Stabilimento di Taranto,7019,2001,PAHs in EPER,OTHORG,100,6,NULL,25900.0,0.0,0.0,NULL,NULL,E,2640.0,0.0,0.0,NULL,NULL,E,NULL,NULL,0.0,NULL,NULL,NULL,KGM,KGM,KGM,KGM,NULL,KGM,IT,109,ITF,162,ITF4,1115,1134,NULL,EPER_2,EPER_2.1/2.2/2.3/2.4/2.5/2.6,NULL,NULL,NULL,NULL,85,94,NULL,NACE_1.1:D,NACE_1.1:DJ,NACE_1.1:27.10,972,997,1215,NULL,NULL,NULL,NULL,NULL,NULL,0,0
6314,ILVA S.P.A. - ILVA S.P.A. Stabilimento di Taranto,7019,2001,CO2 in EPER,GRHGAS,102,1,124-38-9,8.08E9,0.0,0.0,NULL,NULL,E,NULL,NULL,0.0,NULL,NULL,NULL,NULL,NULL,0.0,NULL,NULL,NULL,KGM,KGM,NULL,KGM,NULL,KGM,IT,109,ITF,162,ITF4,1115,1134,NULL,EPER_2,EPER_2.1/2.2/2.3/2.4/2.5/2.6,NULL,NULL,NULL,NULL,85,94,NULL,NACE_1.1:D,NACE_1.1:DJ,NACE_1.1:27.10,972,997,1215,NULL,NULL,NULL,NULL,NULL,NULL,0,0
